date,Item Id,predicted_units
2024-07-01,B09KDR64LT,14.55
2024-07-01,B09KDTS4DC,14.55
2024-07-01,B09KDTHJ6V,14.55
2024-07-01,B09KDQ2BWY,14.55
2024-07-01,B09KDYY3SB,15.85
2024-07-01,B09KDNYCYR,14.55
2024-07-01,B09KDN7PYR,14.55
2024-07-01,B09KDLQ2GW,16.06
2024-07-01,B0BDRTZTGX,14.55
2024-07-01,B09KDVXTP4,14.55
2024-07-01,B09KDPXYG3,14.55
2024-07-01,B09KDW1YKQ,14.55
2024-07-01,B09MR36MLJ,14.55
2024-07-01,B09KDZQJ6P,14.55
2024-07-01,B09MR3Y296,14.55
2024-07-01,B09KSXP3HN,15.37
2024-07-01,B09KT5HMNY,14.55
2024-07-01,B09KTF8ZDQ,14.55
2024-07-01,B09KTFXX6L,14.55
2024-07-01,B09KTJRHC7,14.68
2024-07-01,B09KTMKDKJ,14.74
2024-07-01,B09KTMLQ1N,16.3
2024-07-01,B09MR2FY5D,16.36
2024-07-01,B09MR2MLZH,14.55
2024-07-01,B09MR4B13C,14.69
2024-07-01,B09KDXJJ6W,14.55
2024-07-01,B09KSYL73R,14.68
2024-07-01,B0B31VFJ6Q,14.63
2024-07-01,B09MR4G722,14.55
2024-07-01,B09MR3RSW8,14.55
2024-07-01,B0B31SM3ZR,14.55
2024-07-01,B0B31R1ZBV,14.55
2024-07-01,B09X1JTK49,14.55
2024-07-01,B09X1HV1NL,15.17
2024-07-01,B09X1H629F,14.55
2024-07-01,B09X1F1L26,14.55
2024-07-01,B09X1F8C23,15.15
2024-07-01,B09X1DHRLN,14.55
2024-07-01,B09MR5WS3Y,14.55
2024-07-01,B09MR56Q9N,14.55
2024-07-01,B0B31T1XMH,14.55
2024-07-01,B09MR4Z3H8,14.74
2024-07-01,B09MR4Z3H9,14.55
2024-07-01,B0B31V3PKG,14.55
2024-07-01,B0B31VTH56,14.55
2024-07-01,B0B31Y1FDZ,16.3
2024-07-01,B0B699PLXD,14.55
2024-07-01,B0B69B8R3C,14.55
2024-07-01,B0B69C4GST,14.55
2024-07-01,B0B69DD2C7,14.55
2024-07-01,B0B69DK8JN,14.55
2024-07-01,B0B69FBGN1,14.55
2024-07-01,B0B69G3YRM,14.55
2024-07-01,B0B69GN5KJ,14.55
2024-07-01,B0B69SF1BT,14.55
2024-07-01,B0BDRQWBK9,14.55
2024-07-01,B09MR3XT5G,15.31
2024-07-01,B09X1FWK8Z,14.55
2024-07-01,B0CY5QQ49F,14.55
2024-07-01,B0BNKZYHRX,14.55
2024-07-01,B0BRCXJ1F6,14.55
2024-07-01,B0BGDWGRQB,14.55
2024-07-01,B0BGDX2Z3L,16.3
2024-07-01,B0BGDXM13S,14.55
2024-07-01,B0BGDXV7FD,14.55
2024-07-01,B0BGDZLDX2,14.55
2024-07-01,B0BNKXC5H1,14.55
2024-07-01,B0BNKY8RQN,14.55
2024-07-01,B0BNKYZD2Z,14.55
2024-07-01,B0BNKZ88Z5,14.55
2024-07-01,B0BNKZCWFL,14.55
2024-07-01,B0BRCXJRX6,14.61
2024-07-01,B0BG2Z8CY4,14.55
2024-07-01,B0BNL5BKMK,14.55
2024-07-01,B0BNL1CG6X,14.55
2024-07-01,B0BRCXCXCV,14.55
2024-07-01,B0BRCW79VK,14.55
2024-07-01,B0BRCW2B64,14.55
2024-07-01,B0BNL7TJRT,14.55
2024-07-01,B0BRCXDHBX,14.55
2024-07-01,B0BNL4S6MB,14.55
2024-07-01,B0BNL3YY1C,14.55
2024-07-01,B0BNL3J36Z,14.55
2024-07-01,B0BNL4L4K5,14.55
2024-07-01,B0BDRS6R5Z,14.55
2024-07-01,B0BNL11QD8,14.55
2024-07-01,B0BSLTZV4Z,14.55
2024-07-01,B0BNKZ9BJR,14.55
2024-07-01,B0BG2T78CJ,14.55
2024-07-01,B0BRCXQMS5,14.55
2024-07-01,B0C9JLKFPZ,14.55
2024-07-01,B0BRCXQRC9,14.74
2024-07-01,B0BRCXXBG2,14.55
2024-07-01,B0BRCY8QMH,14.55
2024-07-01,B0BRCYJ33N,15.17
2024-07-01,B0BRCYJ4SR,14.55
2024-07-01,B0BRCYK4JK,15.37
2024-07-01,B0BRCYQNSW,14.68
2024-07-01,B0BRCYV77T,14.71
2024-07-01,B0BRDCBGFD,14.55
2024-07-01,B0BRDCJWJC,14.55
2024-07-01,B0BSLTV9FL,14.55
2024-07-01,B0BSLWJKSX,14.55
2024-07-01,B0BG2PD396,14.55
2024-07-01,B0CY5LR4VX,14.55
2024-07-01,B0CFV6V981,14.37
2024-07-01,B0CY5KFQBD,14.55
2024-07-01,B0CR4C98FS,14.55
2024-07-01,B0CR4C5WXS,14.55
2024-07-01,B0CR4BGLK5,14.55
2024-07-01,B0CR4BK4FW,14.55
2024-07-01,B0CR49NR3B,14.55
2024-07-01,B0CR49N6MQ,15.15
2024-07-01,B0CR49BQRS,14.55
2024-07-01,B0CQVLFPBQ,14.55
2024-07-01,B0BRCXP7VN,14.55
2024-07-01,B0CR4BG4ZW,14.63
2024-07-02,B09KDTHJ6V,14.16
2024-07-02,B09KDW1YKQ,14.16
2024-07-02,B09KDVXTP4,14.16
2024-07-02,B09KDTS4DC,14.16
2024-07-02,B09KDR64LT,14.16
2024-07-02,B09KDZQJ6P,14.16
2024-07-02,B09KDPXYG3,14.16
2024-07-02,B09KDNYCYR,14.16
2024-07-02,B09KDN7PYR,14.16
2024-07-02,B0BDRTZTGX,14.16
2024-07-02,B09KDXJJ6W,14.16
2024-07-02,B09KDQ2BWY,14.16
2024-07-02,B09KDYY3SB,15.12
2024-07-02,B09KTJRHC7,14.78
2024-07-02,B09MR3Y296,14.16
2024-07-02,B09KSYL73R,14.44
2024-07-02,B09KT5HMNY,14.16
2024-07-02,B09KTF8ZDQ,14.16
2024-07-02,B09KTFXX6L,14.16
2024-07-02,B09KTMKDKJ,14.44
2024-07-02,B09KTMLQ1N,15.77
2024-07-02,B09MR2FY5D,16.4
2024-07-02,B09MR2MLZH,14.16
2024-07-02,B09MR36MLJ,14.16
2024-07-02,B09MR3RSW8,14.16
2024-07-02,B09MR3XT5G,15.77
2024-07-02,B09KSXP3HN,15.72
2024-07-02,B09MR4B13C,14.66
2024-07-02,B09X1F8C23,14.91
2024-07-02,B09MR4Z3H8,14.44
2024-07-02,B0B31R1ZBV,14.16
2024-07-02,B09X1JTK49,14.16
2024-07-02,B09X1HV1NL,14.66
2024-07-02,B09X1H629F,14.16
2024-07-02,B09X1FWK8Z,14.16
2024-07-02,B09X1DHRLN,14.16
2024-07-02,B09X1F1L26,14.5
2024-07-02,B09MR5WS3Y,14.16
2024-07-02,B09MR56Q9N,14.16
2024-07-02,B09MR4Z3H9,14.16
2024-07-02,B0B31T1XMH,14.16
2024-07-02,B0B31SM3ZR,14.16
2024-07-02,B09KDLQ2GW,14.93
2024-07-02,B0B69SF1BT,14.16
2024-07-02,B0B31VFJ6Q,14.16
2024-07-02,B0B31VTH56,14.16
2024-07-02,B0B31Y1FDZ,15.13
2024-07-02,B0B699PLXD,14.16
2024-07-02,B0B69B8R3C,14.16
2024-07-02,B0B69C4GST,14.16
2024-07-02,B0B69DD2C7,14.16
2024-07-02,B0B69DK8JN,14.16
2024-07-02,B0B69FBGN1,14.16
2024-07-02,B0B69G3YRM,14.16
2024-07-02,B0B69GN5KJ,14.16
2024-07-02,B09MR4G722,14.16
2024-07-02,B0B31V3PKG,14.16
2024-07-02,B0BDRQWBK9,14.16
2024-07-02,B0BG2PD396,14.16
2024-07-02,B0BSLWJKSX,14.16
2024-07-02,B0BG2T78CJ,14.16
2024-07-02,B0BG2Z8CY4,14.16
2024-07-02,B0BGDWGRQB,14.16
2024-07-02,B0BGDX2Z3L,16.29
2024-07-02,B0BGDXM13S,14.16
2024-07-02,B0BGDXV7FD,14.16
2024-07-02,B0BGDZLDX2,14.16
2024-07-02,B0BNKY8RQN,14.16
2024-07-02,B0BNKYZD2Z,14.16
2024-07-02,B0BNKZ88Z5,14.16
2024-07-02,B0BNKZ9BJR,14.16
2024-07-02,B0BNKZCWFL,14.16
2024-07-02,B0BNKZYHRX,14.16
2024-07-02,B0BNKXC5H1,14.16
2024-07-02,B0BNL7TJRT,14.16
2024-07-02,B0BNL1CG6X,14.16
2024-07-02,B0BRCXDHBX,14.16
2024-07-02,B0BRCXCXCV,14.16
2024-07-02,B0BRCW79VK,14.16
2024-07-02,B0BRCW2B64,14.16
2024-07-02,B0BRCXJ1F6,14.16
2024-07-02,B0BNL5BKMK,14.16
2024-07-02,B0BNL4L4K5,14.16
2024-07-02,B0BNL3YY1C,14.16
2024-07-02,B0BNL3J36Z,14.16
2024-07-02,B0BDRS6R5Z,14.16
2024-07-02,B0BNL11QD8,14.16
2024-07-02,B0BRCXJRX6,16.24
2024-07-02,B0BNL4S6MB,14.16
2024-07-02,B0BRCXQMS5,14.91
2024-07-02,B0CY5QQ49F,14.16
2024-07-02,B0BRCXXBG2,14.16
2024-07-02,B0BRCY8QMH,14.16
2024-07-02,B0BRCYJ33N,14.5
2024-07-02,B0BRCYJ4SR,14.16
2024-07-02,B0BRCYK4JK,14.37
2024-07-02,B0BRCYQNSW,14.77
2024-07-02,B0BRCYV77T,14.16
2024-07-02,B0BRDCBGFD,14.16
2024-07-02,B0BRDCJWJC,14.16
2024-07-02,B0BSLTV9FL,14.16
2024-07-02,B0BSLTZV4Z,14.16
2024-07-02,B0C9JLKFPZ,14.16
2024-07-02,B0BRCXQRC9,14.5
2024-07-02,B0CFV6V981,37.36
2024-07-02,B0BRCXP7VN,8.1
2024-07-02,B0CY5LR4VX,7.74
2024-07-02,B0CY5KFQBD,4.82
2024-07-02,B0CR4C98FS,124.9
2024-07-02,B0CR4BK4FW,27.96
2024-07-02,B0CR4C5WXS,26.26
2024-07-02,B0CR4BG4ZW,14.16
2024-07-02,B0CR49NR3B,3.55
2024-07-02,B0CR49N6MQ,9.11
2024-07-02,B0CR49BQRS,99.58
2024-07-02,B0CQVLFPBQ,148.47
2024-07-02,B0CR4BGLK5,2.49
2024-07-03,B09KDVXTP4,8.53
2024-07-03,B09KDXJJ6W,27.56
2024-07-03,B09KDW1YKQ,-0.2
2024-07-03,B09KDTS4DC,9.17
2024-07-03,B09KDN7PYR,7.75
2024-07-03,B09KDR64LT,4.81
2024-07-03,B09KDQ2BWY,6.58
2024-07-03,B09KDPXYG3,9.17
2024-07-03,B09KDNYCYR,27.88
2024-07-03,B09KDTHJ6V,26.22
2024-07-03,B09KDYY3SB,35.74
2024-07-03,B09KTF8ZDQ,122.08
2024-07-03,B09KDZQJ6P,147.59
2024-07-03,B09KSXP3HN,9.01
2024-07-03,B09KSYL73R,27.47
2024-07-03,B09KT5HMNY,98.95
2024-07-03,B09KTFXX6L,2.5
2024-07-03,B09KTJRHC7,10.88
2024-07-03,B09KTMKDKJ,3.86
2024-07-03,B09KTMLQ1N,2.06
2024-07-03,B09MR2FY5D,14.89
2024-07-03,B09MR2MLZH,13.86
2024-07-03,B09MR36MLJ,13.86
2024-07-03,B09MR3XT5G,14.32
2024-07-03,B09KDLQ2GW,8.32
2024-07-03,B09MR3Y296,13.86
2024-07-03,B0B31VFJ6Q,8.14
2024-07-03,B09MR4G722,26.22
2024-07-03,B09MR3RSW8,9.17
2024-07-03,B09X1F1L26,122.08
2024-07-03,B0B31SM3ZR,27.88
2024-07-03,B0B31R1ZBV,35.72
2024-07-03,B09X1JTK49,13.86
2024-07-03,B09X1HV1NL,16.28
2024-07-03,B09X1F8C23,7.59
2024-07-03,B09MR4Z3H8,14.14
2024-07-03,B09MR5WS3Y,13.86
2024-07-03,B09MR5Q6HJ,13.86
2024-07-03,B09MR56Q9N,98.95
2024-07-03,B09MR4Z3H9,147.59
2024-07-03,B0B31T1XMH,2.5
2024-07-03,B0B69B8R3C,27.56
2024-07-03,B0B31VTH56,8.53
2024-07-03,B0B31Y1FDZ,16.16
2024-07-03,B0B699PLXD,13.86
2024-07-03,B09MR4B13C,13.72
2024-07-03,B0B69C4GST,-0.2
2024-07-03,B0B69DD2C7,13.86
2024-07-03,B0B69DK8JN,13.86
2024-07-03,B0B69FBGN1,13.86
2024-07-03,B0B69GN5KJ,13.86
2024-07-03,B0B69SF1BT,13.86
2024-07-03,B0BDRQWBK9,9.01
2024-07-03,B0BDRTZTGX,3.35
2024-07-03,B0BDRS6R5Z,11.48
2024-07-03,B0B31V3PKG,13.86
2024-07-03,B0BG2PD396,13.86
2024-07-03,B0BNKZKGFG,13.86
2024-07-03,B0BRCXDHBX,13.86
2024-07-03,B0BG2T78CJ,4.81
2024-07-03,B0BG2Z8CY4,13.86
2024-07-03,B0BGDWGRQB,122.08
2024-07-03,B0BGDX2Z3L,6.58
2024-07-03,B0BGDXM13S,9.17
2024-07-03,B0BGDXV7FD,27.88
2024-07-03,B0BGDZLDX2,13.86
2024-07-03,B0BNKYZD2Z,26.22
2024-07-03,B0BNKZ88Z5,35.72
2024-07-03,B0BNKZ9BJR,13.86
2024-07-03,B0BNKZCWFL,13.86
2024-07-03,B0BNL43XHH,7.75
2024-07-03,B0BNKXC5H1,13.86
2024-07-03,B0BNL11QD8,13.86
2024-07-03,B0BNL4Y2J9,13.86
2024-07-03,B0BRCW79VK,27.56
2024-07-03,B0BRCW2B64,98.95
2024-07-03,B0BNL7TJRT,2.5
2024-07-03,B0BNL5BKMK,8.53
2024-07-03,B0BRCXCXCV,13.86
2024-07-03,B0BNL4S6MB,147.59
2024-07-03,B0BNL3RDG4,3.35
2024-07-03,B0BNL3J36Z,-0.2
2024-07-03,B0BRCXJ1F6,13.86
2024-07-03,B0BRDCJWJC,13.86
2024-07-03,B0CFV6V981,13.86
2024-07-03,B0BG2QXQ9V,9.01
2024-07-03,B0BRCXJRX6,13.86
2024-07-03,B0BRCXQMS5,11.83
2024-07-03,B0BRCXQRC9,13.86
2024-07-03,B0BRCXSTKW,13.86
2024-07-03,B0BRCXXBG2,13.86
2024-07-03,B0BRCY8QMH,13.86
2024-07-03,B0BRCYJ33N,14.08
2024-07-03,B0BRCXP7VN,13.86
2024-07-03,B0BRCYK4JK,13.86
2024-07-03,B0BRCYQNSW,7.27
2024-07-03,B0BRCYV77T,11.71
2024-07-03,B0BRDCBGFD,122.08
2024-07-03,B0BRCYJ4SR,27.88
2024-07-03,B0C9JLKFPZ,26.48
2024-07-03,B0BSLWJKSX,35.72
2024-07-03,B0CY5LR4VX,7.75
2024-07-03,B0CY5KFQBD,11.48
2024-07-03,B0CR4C98FS,13.86
2024-07-03,B0CR4C5WXS,9.01
2024-07-03,B0CY5QQ49F,8.53
2024-07-03,B0CR4BGLK5,27.56
2024-07-03,B0CR4BG4ZW,99.04
2024-07-03,B0CR49NR3B,13.86
2024-07-03,B0CR49N6MQ,147.59
2024-07-03,B0CR49BQRS,2.5
2024-07-03,B0CR4BK4FW,13.86
2024-07-04,B09KDW1YKQ,13.9
2024-07-04,B09KDVXTP4,3.34
2024-07-04,B09KDTS4DC,-0.23
2024-07-04,B09KDTHJ6V,13.9
2024-07-04,B09KDPXYG3,13.9
2024-07-04,B09KDQ2BWY,13.9
2024-07-04,B09KDNYCYR,13.9
2024-07-04,B09KDN7PYR,13.9
2024-07-04,B09MR3Y296,13.9
2024-07-04,B09KDR64LT,13.9
2024-07-04,B09KDXJJ6W,13.9
2024-07-04,B09MR36MLJ,13.9
2024-07-04,B09KDZQJ6P,4.76
2024-07-04,B09KSXP3HN,13.07
2024-07-04,B09KSYL73R,25.6
2024-07-04,B09KT5HMNY,27.68
2024-07-04,B09KTF8ZDQ,13.9
2024-07-04,B09KTFXX6L,36.34
2024-07-04,B09KTJRHC7,13.33
2024-07-04,B09KTMKDKJ,6.16
2024-07-04,B09KTMLQ1N,16.21
2024-07-04,B09MR2FY5D,119.13
2024-07-04,B09MR2MLZH,13.9
2024-07-04,B09MR4B13C,8.97
2024-07-04,B09KDYY3SB,97.86
2024-07-04,B09KDLQ2GW,16.21
2024-07-04,B0B69C4GST,148.32
2024-07-04,B0BDRS6R5Z,2.5
2024-07-04,B09MR3RSW8,8.87
2024-07-04,B09X1F8C23,14.34
2024-07-04,B0B31T1XMH,13.9
2024-07-04,B0B31SM3ZR,-0.23
2024-07-04,B0B31R1ZBV,13.9
2024-07-04,B09X1JTK49,13.9
2024-07-04,B09X1HV1NL,13.9
2024-07-04,B09MR4Z3H9,13.9
2024-07-04,B09X1F1L26,27.24
2024-07-04,B09MR5WS3Y,3.34
2024-07-04,B09MR5Q6HJ,13.9
2024-07-04,B09MR56Q9N,9.2
2024-07-04,B0B31VFJ6Q,14.26
2024-07-04,B0B31V3PKG,13.9
2024-07-04,B0B31VTH56,13.9
2024-07-04,B0B31Y1FDZ,15.86
2024-07-04,B0B699PLXD,13.9
2024-07-04,B0B69B8R3C,4.76
2024-07-04,B09MR4G722,13.9
2024-07-04,B0B69DD2C7,13.9
2024-07-04,B0B69DK8JN,7.84
2024-07-04,B0B69FBGN1,120.13
2024-07-04,B0B69GN5KJ,27.68
2024-07-04,B0B69SF1BT,13.9
2024-07-04,B0BDRQWBK9,26.14
2024-07-04,B09MR4Z3H8,36.2
2024-07-04,B09MR3XT5G,7.55
2024-07-04,B0BDRTZTGX,9.67
2024-07-04,B0BG2PD396,11.58
2024-07-04,B0BRCXJRX6,13.9
2024-07-04,B0BNL11QD8,9.2
2024-07-04,B0BRCXJ1F6,13.9
2024-07-04,B0BGDWGRQB,27.24
2024-07-04,B0BGDX2Z3L,98.36
2024-07-04,B0BGDXM13S,148.32
2024-07-04,B0BGDXV7FD,8.87
2024-07-04,B0BGDZLDX2,13.9
2024-07-04,B0BNKXC5H1,13.9
2024-07-04,B0BNKYZD2Z,2.5
2024-07-04,B0BNKZ88Z5,13.9
2024-07-04,B0BNKZ9BJR,13.9
2024-07-04,B0BNKZCWFL,13.9
2024-07-04,B0BNKZKGFG,13.9
2024-07-04,B0BG2Z8CY4,13.9
2024-07-04,B0BNL3J36Z,3.34
2024-07-04,B0BNL5BKMK,-0.23
2024-07-04,B0BRCXDHBX,13.9
2024-07-04,B0BRCXCXCV,14.58
2024-07-04,B0BRCW79VK,14.13
2024-07-04,B0BNL7TJRT,13.9
2024-07-04,B0BRCW2B64,8.29
2024-07-04,B0BNL4Y2J9,13.9
2024-07-04,B0BNL4S6MB,7.84
2024-07-04,B0BNL43XHH,13.9
2024-07-04,B0BSLWJKSX,120.13
2024-07-04,B0BRCXQMS5,27.65
2024-07-04,B0BNL3RDG4,13.9
2024-07-04,B0CY5QQ49F,27.0
2024-07-04,B0BG2QXQ9V,13.9
2024-07-04,B0BRCXP7VN,6.36
2024-07-04,B0BRCXQRC9,11.86
2024-07-04,B0BRCXSTKW,11.58
2024-07-04,B0BRCXXBG2,3.34
2024-07-04,B0BRCY8QMH,9.2
2024-07-04,B0BRCYJ33N,27.02
2024-07-04,B0BG2T78CJ,98.36
2024-07-04,B0BRCYK4JK,148.32
2024-07-04,B0BRCYQNSW,3.05
2024-07-04,B0BRCYV77T,10.82
2024-07-04,B0BRDCBGFD,13.9
2024-07-04,B0BRCYJ4SR,13.9
2024-07-04,B0C9JLKFPZ,36.37
2024-07-04,B0BRDCJWJC,14.39
2024-07-04,B0CY5KFQBD,13.9
2024-07-04,B0CR4C98FS,13.9
2024-07-04,B0CR4C5WXS,13.9
2024-07-04,B0CR4BK4FW,13.9
2024-07-04,B0CY5LR4VX,13.9
2024-07-04,B0CR4BG4ZW,-0.23
2024-07-04,B0CR49NR3B,13.9
2024-07-04,B0CR49N6MQ,13.9
2024-07-04,B0CR49BQRS,13.9
2024-07-04,B0CFV6V981,13.9
2024-07-04,B0CR4BGLK5,7.35
2024-07-05,B09KDW1YKQ,9.8
2024-07-05,B09KDVXTP4,26.18
2024-07-05,B09KDTS4DC,27.67
2024-07-05,B09KDTHJ6V,13.81
2024-07-05,B09KDPXYG3,36.41
2024-07-05,B09KDQ2BWY,11.75
2024-07-05,B0BG2PD396,6.36
2024-07-05,B09KDN7PYR,13.81
2024-07-05,B09MR3Y296,119.28
2024-07-05,B09KDR64LT,13.81
2024-07-05,B09KDXJJ6W,7.7
2024-07-05,B09MR36MLJ,99.2
2024-07-05,B09KDZQJ6P,13.81
2024-07-05,B09KSXP3HN,152.4
2024-07-05,B09KSYL73R,3.26
2024-07-05,B09KT5HMNY,8.94
2024-07-05,B09KTF8ZDQ,13.81
2024-07-05,B09KTFXX6L,14.43
2024-07-05,B09KTJRHC7,1.74
2024-07-05,B09KTMKDKJ,13.81
2024-07-05,B09KTMLQ1N,14.41
2024-07-05,B09MR2FY5D,19.03
2024-07-05,B09MR2MLZH,13.81
2024-07-05,B09MR4B13C,28.16
2024-07-05,B09KDYY3SB,5.23
2024-07-05,B09KDNYCYR,13.81
2024-07-05,B0BDRS6R5Z,9.09
2024-07-05,B09MR4G722,13.81
2024-07-05,B09MR3RSW8,13.81
2024-07-05,B09X1F8C23,14.39
2024-07-05,B0B31T1XMH,13.81
2024-07-05,B0B31SM3ZR,13.81
2024-07-05,B0B31R1ZBV,4.76
2024-07-05,B09X1JTK49,13.81
2024-07-05,B09X1HV1NL,13.81
2024-07-05,B09MR5WS3Y,7.7
2024-07-05,B09X1F1L26,119.28
2024-07-05,B0B31VFJ6Q,27.52
2024-07-05,B09MR5Q6HJ,13.81
2024-07-05,B09MR56Q9N,26.18
2024-07-05,B09MR4Z3H9,36.41
2024-07-05,B0B31V3PKG,6.36
2024-07-05,B0B31VTH56,9.8
2024-07-05,B0B31Y1FDZ,15.39
2024-07-05,B0B699PLXD,13.81
2024-07-05,B0B69B8R3C,9.09
2024-07-05,B0B69C4GST,13.81
2024-07-05,B0B69DD2C7,27.49
2024-07-05,B0B69DK8JN,99.2
2024-07-05,B0B69FBGN1,148.79
2024-07-05,B09KDLQ2GW,8.94
2024-07-05,B0B69SF1BT,13.81
2024-07-05,B0BDRQWBK9,13.81
2024-07-05,B09MR4Z3H8,7.78
2024-07-05,B09MR3XT5G,14.76
2024-07-05,B0BRCXSTKW,13.81
2024-07-05,B0B69GN5KJ,13.81
2024-07-05,B0BRCXJRX6,14.41
2024-07-05,B0BNL11QD8,13.81
2024-07-05,B0BRCXJ1F6,3.43
2024-07-05,B0BGDWGRQB,-0.26
2024-07-05,B0BGDX2Z3L,16.09
2024-07-05,B0BGDXM13S,13.81
2024-07-05,B0BGDXV7FD,13.81
2024-07-05,B0BGDZLDX2,13.81
2024-07-05,B0BNKXC5H1,4.76
2024-07-05,B0BNKYZD2Z,13.81
2024-07-05,B0BNKZ88Z5,13.81
2024-07-05,B0BNKZ9BJR,13.81
2024-07-05,B0BNKZCWFL,119.28
2024-07-05,B0BNKZKGFG,27.67
2024-07-05,B0BG2Z8CY4,13.81
2024-07-05,B0BNL3J36Z,26.18
2024-07-05,B0BNL5BKMK,36.41
2024-07-05,B0BRCXDHBX,6.36
2024-07-05,B0BRCXCXCV,9.8
2024-07-05,B0BRCW79VK,11.75
2024-07-05,B0BNL7TJRT,7.7
2024-07-05,B0BRCW2B64,9.09
2024-07-05,B0BNL4Y2J9,27.49
2024-07-05,B0BDRTZTGX,99.2
2024-07-05,B0BNL43XHH,148.79
2024-07-05,B0BSLWJKSX,2.46
2024-07-05,B0BRCXQMS5,8.94
2024-07-05,B0BNL4S6MB,13.81
2024-07-05,B0CY5QQ49F,14.37
2024-07-05,B0BG2T78CJ,13.81
2024-07-05,B0BRCXP7VN,13.81
2024-07-05,B0BRCXQRC9,13.81
2024-07-05,B0BNL3RDG4,13.81
2024-07-05,B0BRCXXBG2,13.81
2024-07-05,B0BRCY8QMH,13.81
2024-07-05,B0BRCYJ33N,5.15
2024-07-05,B0BRCYJ4SR,-0.26
2024-07-05,B0BRCYK4JK,15.8
2024-07-05,B0BRCYQNSW,13.99
2024-07-05,B0BRCYV77T,14.11
2024-07-05,B0BRDCBGFD,13.81
2024-07-05,B0BG2QXQ9V,4.76
2024-07-05,B0C9JLKFPZ,9.8
2024-07-05,B0CY5LR4VX,26.18
2024-07-05,B0CY5KFQBD,27.67
2024-07-05,B0CR4C98FS,14.46
2024-07-05,B0BRDCJWJC,36.41
2024-07-05,B0CR4BK4FW,11.75
2024-07-05,B0CR4C5WXS,6.36
2024-07-05,B0CR4BG4ZW,13.81
2024-07-05,B0CR49NR3B,119.28
2024-07-05,B0CR49N6MQ,13.81
2024-07-05,B0CR49BQRS,7.7
2024-07-05,B0CFV6V981,99.72
2024-07-05,B0CR4BGLK5,13.81
2024-07-06,B09KDVXTP4,148.22
2024-07-06,B09KDTS4DC,2.37
2024-07-06,B09KDTHJ6V,9.1
2024-07-06,B09KDR64LT,13.85
2024-07-06,B0B69GN5KJ,13.85
2024-07-06,B09KDPXYG3,-0.33
2024-07-06,B09KDNYCYR,13.85
2024-07-06,B09KDN7PYR,13.85
2024-07-06,B09KDLQ2GW,13.85
2024-07-06,B09KDQ2BWY,13.85
2024-07-06,B09KDW1YKQ,27.71
2024-07-06,B09KTF8ZDQ,3.6
2024-07-06,B09KDYY3SB,16.02
2024-07-06,B09KSXP3HN,10.7
2024-07-06,B09KSYL73R,14.12
2024-07-06,B09KT5HMNY,13.85
2024-07-06,B09KTFXX6L,13.87
2024-07-06,B09KTJRHC7,14.41
2024-07-06,B09KTMKDKJ,13.85
2024-07-06,B09KTMLQ1N,14.41
2024-07-06,B09MR2FY5D,13.85
2024-07-06,B09MR2MLZH,4.72
2024-07-06,B09MR36MLJ,7.72
2024-07-06,B09KDXJJ6W,119.6
2024-07-06,B09MR3RSW8,27.72
2024-07-06,B0B31R1ZBV,13.85
2024-07-06,B09MR3Y296,26.1
2024-07-06,B09X1HV1NL,36.7
2024-07-06,B09MR4B13C,7.19
2024-07-06,B09MR4G722,9.91
2024-07-06,B09MR4Z3H8,13.48
2024-07-06,B09MR4Z3H9,13.85
2024-07-06,B09MR56Q9N,9.14
2024-07-06,B09MR5Q6HJ,13.85
2024-07-06,B09MR5WS3Y,27.71
2024-07-06,B09X1DHRLN,99.18
2024-07-06,B09X1F1L26,148.22
2024-07-06,B09X1F8C23,3.48
2024-07-06,B0B69DD2C7,13.85
2024-07-06,B09X1JTK49,13.85
2024-07-06,B0B31SM3ZR,9.1
2024-07-06,B0B31T1XMH,13.85
2024-07-06,B0B31V3PKG,13.85
2024-07-06,B0B31VFJ6Q,14.17
2024-07-06,B0B31VTH56,13.85
2024-07-06,B0B31Y1FDZ,16.02
2024-07-06,B0B699PLXD,3.6
2024-07-06,B0B69B8R3C,-0.33
2024-07-06,B0B69C4GST,13.85
2024-07-06,B09MR3XT5G,14.82
2024-07-06,B09KDZQJ6P,13.85
2024-07-06,B0B69DK8JN,13.85
2024-07-06,B0B69SF1BT,4.72
2024-07-06,B0BRCXQRC9,13.85
2024-07-06,B0BRCXP7VN,13.85
2024-07-06,B0BDRQWBK9,9.91
2024-07-06,B0BDRTZTGX,119.6
2024-07-06,B0BG2PD396,27.72
2024-07-06,B0BG2T78CJ,13.85
2024-07-06,B0BG2VYWSG,13.85
2024-07-06,B0BGDWGRQB,36.7
2024-07-06,B0BGDXM13S,6.32
2024-07-06,B0BGDXV7FD,7.72
2024-07-06,B0BGDZLDX2,26.1
2024-07-06,B0BGDX2Z3L,13.85
2024-07-06,B0BNKZ9BJR,11.87
2024-07-06,B0BNL7TJRT,27.71
2024-07-06,B0BRCXDHBX,99.18
2024-07-06,B0BRCXCXCV,148.22
2024-07-06,B0BRCW79VK,2.37
2024-07-06,B0BRCW2B64,13.85
2024-07-06,B0BRCXJRX6,13.85
2024-07-06,B0BNL5BKMK,9.1
2024-07-06,B0BNL4Y2J9,-0.33
2024-07-06,B0BNL3J36Z,13.85
2024-07-06,B0BNKZCWFL,13.85
2024-07-06,B0B69FBGN1,13.85
2024-07-06,B0BNKZ88Z5,13.85
2024-07-06,B0BRCXQMS5,14.64
2024-07-06,B0BNKYZD2Z,9.14
2024-07-06,B0BRCXSTKW,3.6
2024-07-06,B0BSLWJKSX,13.85
2024-07-06,B0BRCY8QMH,13.85
2024-07-06,B0BRCYJ33N,13.88
2024-07-06,B0BRCYJ4SR,4.72
2024-07-06,B0BRCYK4JK,13.93
2024-07-06,B0BRCYQNSW,7.97
2024-07-06,B0BRCYV77T,27.78
2024-07-06,B0BRDCBGFD,9.91
2024-07-06,B0BRDCJWJC,119.6
2024-07-06,B0BSLTV9FL,13.85
2024-07-06,B0C9JLKFPZ,26.1
2024-07-06,B0CFV6V981,36.7
2024-07-06,B0BRCXXBG2,13.85
2024-07-06,B0CR49N6MQ,6.32
2024-07-06,B0CR49NR3B,13.85
2024-07-06,B0CR4BG4ZW,13.85
2024-07-06,B0CR4BGLK5,13.85
2024-07-06,B0CR4BK4FW,27.71
2024-07-06,B0CR4C5WXS,99.18
2024-07-06,B0CR4C98FS,148.22
2024-07-06,B0CY5KFQBD,2.37
2024-07-06,B0CY5LR4VX,9.1
2024-07-06,B0CY5QQ49F,13.85
2024-07-06,B0CR49BQRS,13.85
2024-07-07,B09MR36MLJ,12.07
2024-07-07,B09KDVXTP4,-0.31
2024-07-07,B09KDTS4DC,14.01
2024-07-07,B09KDTHJ6V,14.01
2024-07-07,B09KDR64LT,14.01
2024-07-07,B0B69GN5KJ,14.01
2024-07-07,B09KDPXYG3,14.01
2024-07-07,B09KDNYCYR,9.14
2024-07-07,B09KDN7PYR,3.67
2024-07-07,B09KDW1YKQ,12.07
2024-07-07,B09KDQ2BWY,3.17
2024-07-07,B09KDXJJ6W,4.64
2024-07-07,B09KT5HMNY,1.6
2024-07-07,B09KDZQJ6P,1.59
2024-07-07,B09KSXP3HN,10.95
2024-07-07,B09KSYL73R,2.68
2024-07-07,B09MR2MLZH,119.11
2024-07-07,B09KTF8ZDQ,6.45
2024-07-07,B09KTFXX6L,10.92
2024-07-07,B09KTJRHC7,27.54
2024-07-07,B09KTMKDKJ,4.73
2024-07-07,B09KTMLQ1N,27.35
2024-07-07,B09MR2FY5D,36.16
2024-07-07,B09KDYY3SB,1.92
2024-07-07,B09MR3RSW8,0.56
2024-07-07,B09MR4B13C,9.66
2024-07-07,B09MR3Y296,3.66
2024-07-07,B09X1JTK49,2.96
2024-07-07,B09MR4G722,2.57
2024-07-07,B09MR4Z3H8,27.83
2024-07-07,B09MR4Z3H9,100.31
2024-07-07,B09MR56Q9N,147.69
2024-07-07,B09MR5Q6HJ,9.08
2024-07-07,B09MR5WS3Y,5.56
2024-07-07,B09X1DHRLN,2.46
2024-07-07,B09X1F1L26,5.61
2024-07-07,B09X1F8C23,1.67
2024-07-07,B09X1HV1NL,4.48
2024-07-07,B0B31VTH56,0.13
2024-07-07,B0B31R1ZBV,1.0
2024-07-07,B0B31SM3ZR,9.14
2024-07-07,B0B31T1XMH,1.68
2024-07-07,B0B31V3PKG,0.65
2024-07-07,B09MR3XT5G,7.51
2024-07-07,B0B31Y1FDZ,3.28
2024-07-07,B0B699PLXD,-0.81
2024-07-07,B0B69B8R3C,4.71
2024-07-07,B0B69C4GST,1.59
2024-07-07,B0B69DD2C7,0.56
2024-07-07,B0B69DK8JN,9.84
2024-07-07,B09KDLQ2GW,119.11
2024-07-07,B0B69FBGN1,27.71
2024-07-07,B0BRCYV77T,4.97
2024-07-07,B0B69SF1BT,3.17
2024-07-07,B0BDRTZTGX,35.43
2024-07-07,B0BG2PD396,6.45
2024-07-07,B0BG2T78CJ,7.72
2024-07-07,B0BG2VYWSG,26.25
2024-07-07,B0BGDWGRQB,0.13
2024-07-07,B0BGDX2Z3L,12.07
2024-07-07,B0BDRQWBK9,9.08
2024-07-07,B0BGDXV7FD,27.83
2024-07-07,B0BGDZLDX2,100.31
2024-07-07,B0BNKYZD2Z,2.46
2024-07-07,B0BGDXM13S,5.56
2024-07-07,B0BNKZ9BJR,2.96
2024-07-07,B0BRCW2B64,147.69
2024-07-07,B0BNKZCWFL,-0.31
2024-07-07,B0BRCXDHBX,1.68
2024-07-07,B0BRCXCXCV,4.48
2024-07-07,B0BRCW79VK,2.57
2024-07-07,B0BRCXJRX6,1.0
2024-07-07,B0BNL7TJRT,3.66
2024-07-07,B0BNL5BKMK,9.14
2024-07-07,B0BNL4Y2J9,3.67
2024-07-07,B0BNL3J36Z,4.71
2024-07-07,B0B31VFJ6Q,14.19
2024-07-07,B0BNKZ88Z5,1.59
2024-07-07,B0BRCXQMS5,6.2
2024-07-07,B0BRCXP7VN,1.6
2024-07-07,B0BRCXSTKW,4.64
2024-07-07,B0BRCXQRC9,2.59
2024-07-07,B0BRCXXBG2,14.01
2024-07-07,B0BRCY8QMH,-0.81
2024-07-07,B0BRCYJ33N,14.65
2024-07-07,B0BRCYJ4SR,14.01
2024-07-07,B0BRCYK4JK,27.71
2024-07-07,B0CY5QQ49F,119.11
2024-07-07,B0BRDCBGFD,9.84
2024-07-07,B0BRDCJWJC,4.73
2024-07-07,B0BSLTV9FL,14.01
2024-07-07,B0BSLWJKSX,14.01
2024-07-07,B0BRCYQNSW,14.49
2024-07-07,B0CFV6V981,6.44
2024-07-07,B0CR49BQRS,0.56
2024-07-07,B0CR49N6MQ,26.25
2024-07-07,B0CR49NR3B,35.43
2024-07-07,B0CR4BG4ZW,12.07
2024-07-07,B0CR4BGLK5,2.46
2024-07-07,B0CR4BK4FW,9.14
2024-07-07,B0CR4C5WXS,14.01
2024-07-07,B0CR4C98FS,147.69
2024-07-07,B0CY5KFQBD,2.57
2024-07-07,B0C9JLKFPZ,27.83
2024-07-07,B0CY5LR4VX,15.82
2024-07-08,B09KDTHJ6V,98.53
2024-07-08,B09KDR64LT,5.54
2024-07-08,B09KDQ2BWY,1.0
2024-07-08,B09KDPXYG3,8.87
2024-07-08,B09MR36MLJ,-0.24
2024-07-08,B09KDN7PYR,3.57
2024-07-08,B0B69SF1BT,2.82
2024-07-08,B09KDLQ2GW,8.1
2024-07-08,B09KDNYCYR,0.17
2024-07-08,B09KDTS4DC,3.58
2024-07-08,B09KTMLQ1N,4.98
2024-07-08,B09KDW1YKQ,14.11
2024-07-08,B09KDXJJ6W,1.59
2024-07-08,B09KDYY3SB,14.46
2024-07-08,B09KDZQJ6P,14.11
2024-07-08,B09KSYL73R,2.76
2024-07-08,B09KT5HMNY,3.33
2024-07-08,B09KTF8ZDQ,14.11
2024-07-08,B09KTFXX6L,2.28
2024-07-08,B09KTJRHC7,14.64
2024-07-08,B09MR3RSW8,4.67
2024-07-08,B09KDVXTP4,0.66
2024-07-08,B09KTMKDKJ,1.64
2024-07-08,B09X1HV1NL,9.13
2024-07-08,B0B69FBGN1,0.55
2024-07-08,B09MR2FY5D,7.84
2024-07-08,B09MR56Q9N,28.56
2024-07-08,B09X1DHRLN,124.32
2024-07-08,B09MR5WS3Y,27.25
2024-07-08,B09MR5Q6HJ,6.28
2024-07-08,B09MR4G722,14.11
2024-07-08,B09MR4Z3H9,14.11
2024-07-08,B09MR4Z3H8,14.46
2024-07-08,B09X1F8C23,14.19
2024-07-08,B09MR4B13C,13.32
2024-07-08,B09MR3Y296,2.72
2024-07-08,B09X1F1L26,4.4
2024-07-08,B09X1JTK49,39.61
2024-07-08,B0B31R1ZBV,8.87
2024-07-08,B09MR3XT5G,15.47
2024-07-08,B0B31V3PKG,27.54
2024-07-08,B0B31VFJ6Q,99.27
2024-07-08,B0B31Y1FDZ,149.31
2024-07-08,B0B699PLXD,2.55
2024-07-08,B0B69C4GST,5.54
2024-07-08,B0B69DD2C7,2.82
2024-07-08,B0B69DK8JN,3.57
2024-07-08,B0B31T1XMH,14.11
2024-07-08,B09KSXP3HN,2.6
2024-07-08,B0BDRQWBK9,-0.24
2024-07-08,B0BGDZLDX2,3.58
2024-07-08,B0BNKZ9BJR,9.27
2024-07-08,B0BRCXP7VN,1.0
2024-07-08,B0BG2Z8CY4,8.1
2024-07-08,B0BGDWGRQB,14.11
2024-07-08,B0BGDX2Z3L,4.16
2024-07-08,B0BGDXM13S,14.11
2024-07-08,B0BGDXV7FD,0.17
2024-07-08,B0BNKYZD2Z,14.11
2024-07-08,B0BNKZ88Z5,1.56
2024-07-08,B0BDRTZTGX,14.11
2024-07-08,B0BNL13PNY,1.58
2024-07-08,B0BRCW2B64,-0.67
2024-07-08,B0BRCXDHBX,14.11
2024-07-08,B0BRCXCXCV,4.67
2024-07-08,B0BRCW79VK,0.66
2024-07-08,B0BRCXJRX6,11.66
2024-07-08,B0BNL5BKMK,4.4
2024-07-08,B0BNL4Y2J9,14.11
2024-07-08,B0BNL4CB4X,14.11
2024-07-08,B0B69GN5KJ,6.28
2024-07-08,B0BNL3J36Z,9.13
2024-07-08,B0BRCXQMS5,125.34
2024-07-08,B0CFV6V981,28.56
2024-07-08,B0BG2PD396,4.49
2024-07-08,B0BDRS6R5Z,14.11
2024-07-08,B0CR49BQRS,0.55
2024-07-08,B0BRCXXBG2,14.11
2024-07-08,B0BRCY8QMH,3.33
2024-07-08,B0BRCYJ33N,9.87
2024-07-08,B0BRCYJ4SR,27.25
2024-07-08,B0BRCYK4JK,10.22
2024-07-08,B0BRCYQNSW,14.1
2024-07-08,B0BRCYV77T,27.94
2024-07-08,B0BRCXSTKW,98.53
2024-07-08,B0BRDCJWJC,149.31
2024-07-08,B0C9JLKFPZ,14.16
2024-07-08,B0CR49N6MQ,2.55
2024-07-08,B0BRDCBGFD,5.54
2024-07-08,B0CR49NR3B,9.27
2024-07-08,B0CY5QQ49F,3.57
2024-07-08,B0BRCXQRC9,38.96
2024-07-08,B0CY5KFQBD,2.75
2024-07-08,B0CR4C98FS,14.11
2024-07-08,B0CY5LR4VX,6.2
2024-07-08,B0CR4BK4FW,14.11
2024-07-08,B0CR4BGLK5,0.17
2024-07-08,B0CR4BG4ZW,1.0
2024-07-08,B0CR4C5WXS,2.82
2024-07-09,B09KDTS4DC,3.51
2024-07-09,B0BDRS6R5Z,8.52
2024-07-09,B09KDLQ2GW,-0.26
2024-07-09,B09KDN7PYR,0.59
2024-07-09,B09KDNYCYR,4.62
2024-07-09,B09KDQ2BWY,13.85
2024-07-09,B09KDR64LT,1.57
2024-07-09,B09KDXJJ6W,1.61
2024-07-09,B09KDTHJ6V,13.85
2024-07-09,B09KDVXTP4,13.85
2024-07-09,B09MR2FY5D,-0.67
2024-07-09,B09KDYY3SB,13.85
2024-07-09,B09MR36MLJ,8.98
2024-07-09,B09KSXP3HN,14.32
2024-07-09,B09KT5HMNY,13.85
2024-07-09,B09KTF8ZDQ,6.25
2024-07-09,B09KTFXX6L,125.93
2024-07-09,B09KTJRHC7,27.79
2024-07-09,B09KTMKDKJ,4.64
2024-07-09,B09KTMLQ1N,26.77
2024-07-09,B09MR3RSW8,0.53
2024-07-09,B09KDW1YKQ,4.44
2024-07-09,B09KDZQJ6P,13.85
2024-07-09,B09X1JTK49,3.24
2024-07-09,B09MR3XT5G,37.68
2024-07-09,B09MR4G722,11.59
2024-07-09,B09MR4Z3H8,13.85
2024-07-09,B09MR4Z3H9,149.39
2024-07-09,B09MR56Q9N,2.66
2024-07-09,B09MR5WS3Y,27.57
2024-07-09,B09X1DHRLN,13.85
2024-07-09,B09X1F1L26,8.52
2024-07-09,B09X1F8C23,96.97
2024-07-09,B09X1HV1NL,5.38
2024-07-09,B09MR4B13C,13.85
2024-07-09,B0B31VFJ6Q,5.05
2024-07-09,B0B31R1ZBV,2.49
2024-07-09,B0B31SM3ZR,1.59
2024-07-09,B0B31T1XMH,4.08
2024-07-09,B0B31V3PKG,13.85
2024-07-09,B0B31Y1FDZ,-0.22
2024-07-09,B0B699PLXD,1.0
2024-07-09,B0B69C4GST,2.81
2024-07-09,B0B69DD2C7,8.97
2024-07-09,B0B69DK8JN,3.51
2024-07-09,B0B69N4B1S,7.47
2024-07-09,B09MR3Y296,-0.26
2024-07-09,B09MR2MLZH,0.59
2024-07-09,B09KSYL73R,4.62
2024-07-09,B0BNKYZD2Z,13.85
2024-07-09,B0BNL13PNY,4.44
2024-07-09,B0BRCXP7VN,13.85
2024-07-09,B0BG2T78CJ,1.57
2024-07-09,B0BGDWGRQB,13.85
2024-07-09,B0BGDX2Z3L,1.61
2024-07-09,B0BGDXM13S,-0.67
2024-07-09,B0BGDXV7FD,125.14
2024-07-09,B0BGDZLDX2,0.53
2024-07-09,B0BNKZ88Z5,4.47
2024-07-09,B0BNKZ9BJR,27.92
2024-07-09,B0BRCXQMS5,26.24
2024-07-09,B0BG2PD396,6.25
2024-07-09,B0BNL3RDG4,13.85
2024-07-09,B0BRCXJRX6,13.85
2024-07-09,B0BNL4Y2J9,8.98
2024-07-09,B0BNL5BKMK,3.24
2024-07-09,B0BRCW2B64,13.85
2024-07-09,B0BRCW79VK,11.59
2024-07-09,B0BRCXCXCV,2.49
2024-07-09,B0BRCXDHBX,13.85
2024-07-09,B0BNL3J36Z,37.75
2024-07-09,B0BDRQWBK9,13.85
2024-07-09,B0BNL1CG6X,149.39
2024-07-09,B0CY5QQ49F,2.66
2024-07-09,B0BNKZBJX2,27.57
2024-07-09,B0CY5LR4VX,15.07
2024-07-09,B0BRCXSTKW,96.97
2024-07-09,B0BDRTZTGX,5.38
2024-07-09,B0BRCXQRC9,13.85
2024-07-09,B0BRCXXBG2,3.67
2024-07-09,B0BRCY8QMH,8.52
2024-07-09,B0BRCYJ33N,1.59
2024-07-09,B0BRCYJ4SR,-0.26
2024-07-09,B0BRCYQNSW,3.51
2024-07-09,B0BRCYV77T,8.97
2024-07-09,B0BRDCBGFD,2.81
2024-07-09,B0BRDCJWJC,7.47
2024-07-09,B0BRCYK4JK,0.07
2024-07-09,B0CY5KFQBD,14.2
2024-07-09,B0CFV6V981,4.08
2024-07-09,B0CR49BQRS,1.0
2024-07-09,B0CR49N6MQ,14.53
2024-07-09,B0CR49NR3B,1.57
2024-07-09,B0CR4BG4ZW,13.85
2024-07-09,B0CR4BGLK5,1.61
2024-07-09,B0CR4BK4FW,-0.67
2024-07-09,B0CR4C5WXS,13.85
2024-07-09,B0CR4C98FS,4.62
2024-07-09,B0C9JLKFPZ,0.59
2024-07-10,B09KDTS4DC,11.64
2024-07-10,B09KDTHJ6V,4.45
2024-07-10,B09KDR64LT,13.82
2024-07-10,B09KDQ2BWY,13.82
2024-07-10,B09KDPXYG3,6.32
2024-07-10,B09MR3Y296,9.02
2024-07-10,B09KDN7PYR,122.41
2024-07-10,B0BDRQWBK9,27.56
2024-07-10,B09MR3XT5G,5.93
2024-07-10,B09KDVXTP4,26.23
2024-07-10,B09KDNYCYR,0.48
2024-07-10,B09KDW1YKQ,13.82
2024-07-10,B09MR2FY5D,6.81
2024-07-10,B09KDYY3SB,8.5
2024-07-10,B09KDZQJ6P,13.82
2024-07-10,B09KSXP3HN,6.86
2024-07-10,B09KSYL73R,14.33
2024-07-10,B09KT5HMNY,27.38
2024-07-10,B09KTF8ZDQ,97.1
2024-07-10,B09KTFXX6L,154.25
2024-07-10,B09KTJRHC7,16.07
2024-07-10,B09KTMKDKJ,2.47
2024-07-10,B09KTMLQ1N,7.83
2024-07-10,B09KDLQ2GW,8.97
2024-07-10,B09KDXJJ6W,3.49
2024-07-10,B09MR4G722,36.93
2024-07-10,B09X1HV1NL,1.59
2024-07-10,B0B69GN5KJ,13.82
2024-07-10,B09X1F1L26,4.12
2024-07-10,B0B31R1ZBV,13.82
2024-07-10,B09X1JTK49,0.05
2024-07-10,B09MR36MLJ,1.0
2024-07-10,B09X1FWK8Z,2.85
2024-07-10,B09X1F8C23,3.68
2024-07-10,B09MR5WS3Y,7.44
2024-07-10,B09X1DHRLN,-0.28
2024-07-10,B09MR56Q9N,13.82
2024-07-10,B09MR4Z3H9,-0.69
2024-07-10,B09MR4Z3H8,13.82
2024-07-10,B0B31T1XMH,13.82
2024-07-10,B0B31SM3ZR,4.45
2024-07-10,B0B69N4B1S,3.22
2024-07-10,B0B31V3PKG,4.6
2024-07-10,B0B31VFJ6Q,2.7
2024-07-10,B0B31VTH56,0.56
2024-07-10,B0B31Y1FDZ,122.53
2024-07-10,B0B699PLXD,0.48
2024-07-10,B0B69B8R3C,13.82
2024-07-10,B0B69C4GST,27.56
2024-07-10,B0B69DD2C7,9.02
2024-07-10,B0B69DK8JN,4.67
2024-07-10,B0B69FBGN1,13.82
2024-07-10,B0B69G3YRM,13.82
2024-07-10,B09MR4B13C,13.86
2024-07-10,B09MR3RSW8,36.93
2024-07-10,B09MR2MLZH,1.6
2024-07-10,B0BG2T78CJ,6.32
2024-07-10,B0BNKZCWFL,26.23
2024-07-10,B0BRCXJRX6,2.85
2024-07-10,B0BGDWGRQB,11.64
2024-07-10,B0BGDX2Z3L,13.82
2024-07-10,B0BGDXM13S,149.54
2024-07-10,B0BGDXV7FD,97.1
2024-07-10,B0BGDZLDX2,8.97
2024-07-10,B0BNKYPVM6,13.82
2024-07-10,B0BNKYZD2Z,2.47
2024-07-10,B0BNKZ88Z5,27.38
2024-07-10,B0BNKZ9BJR,8.5
2024-07-10,B0BNKZBJX2,1.59
2024-07-10,B0BG2Z8CY4,2.59
2024-07-10,B0BNL11QD8,3.49
2024-07-10,B0BNL5BKMK,3.65
2024-07-10,B0BNL1CG6X,7.44
2024-07-10,B0BRCXCXCV,1.0
2024-07-10,B0BRCW79VK,0.05
2024-07-10,B0BRCW2B64,5.52
2024-07-10,B0BRCXDHBX,4.12
2024-07-10,B0BNL4Y2J9,13.82
2024-07-10,B0BNL4S6MB,-0.28
2024-07-10,B0BNL4CB4X,13.82
2024-07-10,B0BNL3RDG4,13.82
2024-07-10,B0B69SF1BT,1.56
2024-07-10,B0BRCXP7VN,13.82
2024-07-10,B0CR4C98FS,1.6
2024-07-10,B0BNL3J36Z,-0.69
2024-07-10,B0CY5QQ49F,13.82
2024-07-10,B0BRCXQRC9,4.6
2024-07-10,B0BRCXQMS5,3.61
2024-07-10,B0BRCXSTKW,13.82
2024-07-10,B0BRCXXBG2,4.45
2024-07-10,B0BRCY8QMH,13.82
2024-07-10,B0BRCYJ33N,13.96
2024-07-10,B0BRCYJ4SR,6.32
2024-07-10,B0BRCYK4JK,11.44
2024-07-10,B0BRCYQNSW,123.69
2024-07-10,B0BRCYV77T,27.56
2024-07-10,B0BRDCBGFD,4.67
2024-07-10,B0BRDCJWJC,26.23
2024-07-10,B0BSLWJKSX,0.48
2024-07-10,B0BDRTZTGX,13.82
2024-07-10,B0CFV6V981,5.9
2024-07-10,B0C9JLKFPZ,36.93
2024-07-10,B0CY5LR4VX,14.96
2024-07-10,B0CY5KFQBD,2.59
2024-07-10,B0BG2PD396,13.82
2024-07-10,B0CR4BK4FW,27.38
2024-07-10,B0CR4C5WXS,97.1
2024-07-10,B0CR4BG4ZW,149.54
2024-07-10,B0CR49NR3B,13.82
2024-07-10,B0CR49N6MQ,2.47
2024-07-10,B0CR49BQRS,5.52
2024-07-10,B0CQVLFPBQ,8.97
2024-07-10,B0CR4BGLK5,5.59
2024-07-11,B09KDTHJ6V,8.92
2024-07-11,B09KDVXTP4,1.62
2024-07-11,B09KDTS4DC,13.88
2024-07-11,B09KDR64LT,4.19
2024-07-11,B09MR3XT5G,15.01
2024-07-11,B09KDNYCYR,0.05
2024-07-11,B09KDN7PYR,1.0
2024-07-11,B09KDLQ2GW,2.79
2024-07-11,B0BDRQWBK9,3.66
2024-07-11,B09KDPXYG3,7.37
2024-07-11,B09KDW1YKQ,-0.33
2024-07-11,B09KT5HMNY,0.55
2024-07-11,B09KDYY3SB,6.6
2024-07-11,B09KDZQJ6P,13.88
2024-07-11,B09KSXP3HN,2.62
2024-07-11,B09KSYL73R,2.41
2024-07-11,B09KTF8ZDQ,13.88
2024-07-11,B09KTFXX6L,13.88
2024-07-11,B09KTJRHC7,-0.75
2024-07-11,B09KTMKDKJ,13.88
2024-07-11,B09KTMLQ1N,12.22
2024-07-11,B09MR2FY5D,13.88
2024-07-11,B09MR2MLZH,13.88
2024-07-11,B09MR3Y296,6.25
2024-07-11,B09KDXJJ6W,119.73
2024-07-11,B09KDQ2BWY,27.38
2024-07-11,B0B31V3PKG,4.66
2024-07-11,B09MR36MLJ,26.19
2024-07-11,B09X1F1L26,0.2
2024-07-11,B0B31R1ZBV,4.5
2024-07-11,B09X1JTK49,13.88
2024-07-11,B09X1HV1NL,3.22
2024-07-11,B09X1FWK8Z,37.05
2024-07-11,B09X1F8C23,13.71
2024-07-11,B09MR56Q9N,13.88
2024-07-11,B09X1DHRLN,148.36
2024-07-11,B09MR5WS3Y,2.57
2024-07-11,B09MR4Z3H8,27.05
2024-07-11,B09MR4Z3H9,13.88
2024-07-11,B0B31T1XMH,8.92
2024-07-11,B0B31SM3ZR,96.57
2024-07-11,B0B69FBGN1,5.51
2024-07-11,B0B31VFJ6Q,13.86
2024-07-11,B0B31VTH56,3.49
2024-07-11,B0B31Y1FDZ,9.88
2024-07-11,B0B699PLXD,1.62
2024-07-11,B0B69B8R3C,4.19
2024-07-11,B0B69C4GST,13.88
2024-07-11,B0B69DD2C7,0.05
2024-07-11,B0B69DK8JN,1.0
2024-07-11,B0B69G3YRM,2.79
2024-07-11,B0B69GN5KJ,9.01
2024-07-11,B0B69N4B1S,3.66
2024-07-11,B09MR4G722,7.37
2024-07-11,B09MR3RSW8,-0.33
2024-07-11,B09MR4B13C,2.56
2024-07-11,B0BRCXQMS5,11.95
2024-07-11,B0BNKZCWFL,13.88
2024-07-11,B0BRCXDHBX,4.5
2024-07-11,B0BG2T78CJ,13.88
2024-07-11,B0BG2Z8CY4,1.59
2024-07-11,B0BGDWGRQB,13.88
2024-07-11,B0BGDX2Z3L,1.58
2024-07-11,B0BGDXM13S,-0.75
2024-07-11,B0BGDXV7FD,119.73
2024-07-11,B0BGDZLDX2,0.48
2024-07-11,B0BNKYZD2Z,4.66
2024-07-11,B0BNKZ88Z5,27.38
2024-07-11,B0BNKZ9BJR,26.19
2024-07-11,B0BNKZBJX2,6.25
2024-07-11,B0BNKYPVM6,13.88
2024-07-11,B0BNL11QD8,13.88
2024-07-11,B0BNL4S6MB,9.6
2024-07-11,B0BRCW79VK,3.22
2024-07-11,B0BRCW2B64,13.88
2024-07-11,B0BNL5BKMK,11.42
2024-07-11,B0BNL4Y2J9,2.45
2024-07-11,B0BNL4CB4X,13.88
2024-07-11,B0BNL3J36Z,37.05
2024-07-11,B0BNL1CG6X,13.88
2024-07-11,B0BNL3RDG4,148.36
2024-07-11,B0B69SF1BT,2.57
2024-07-11,B0BRCXJRX6,27.05
2024-07-11,B0BSLWJKSX,13.88
2024-07-11,B0BRCXCXCV,96.57
2024-07-11,B0CY5QQ49F,5.51
2024-07-11,B0BG2PD396,13.88
2024-07-11,B0BDRTZTGX,3.49
2024-07-11,B0BRCXP7VN,8.92
2024-07-11,B0BRCXQRC9,1.62
2024-07-11,B0BRCXXBG2,-0.33
2024-07-11,B0BRCY8QMH,3.66
2024-07-11,B0BRCYJ33N,10.04
2024-07-11,B0BRCYJ4SR,2.79
2024-07-11,B0BRCYK4JK,8.59
2024-07-11,B0BRCYQNSW,2.94
2024-07-11,B0BRCYV77T,14.12
2024-07-11,B0BRDCBGFD,4.19
2024-07-11,B0BRDCJWJC,1.0
2024-07-11,B0BRCXSTKW,13.88
2024-07-11,B0CFV6V981,1.01
2024-07-11,B0C9JLKFPZ,13.88
2024-07-11,B0CY5KFQBD,1.58
2024-07-11,B0CY5LR4VX,1.93
2024-07-11,B0CR4C5WXS,13.88
2024-07-11,B0CR4BK4FW,4.63
2024-07-11,B0CR4C98FS,3.06
2024-07-11,B0CR4BG4ZW,11.42
2024-07-11,B0CR49NR3B,4.5
2024-07-11,B0CR49N6MQ,13.88
2024-07-11,B0CR49BQRS,13.88
2024-07-11,B0CQVLFPBQ,6.25
2024-07-11,B0CR4BGLK5,9.6
2024-07-12,B09KDXJJ6W,117.58
2024-07-12,B09KDLQ2GW,27.33
2024-07-12,B0BG2PD396,4.68
2024-07-12,B09KDNYCYR,26.15
2024-07-12,B09KDPXYG3,0.57
2024-07-12,B09KDQ2BWY,13.89
2024-07-12,B09KDR64LT,3.22
2024-07-12,B09KDTHJ6V,9.09
2024-07-12,B09KDVXTP4,13.89
2024-07-12,B09KDW1YKQ,2.52
2024-07-12,B09KSYL73R,14.39
2024-07-12,B09MR36MLJ,27.22
2024-07-12,B09KDZQJ6P,97.0
2024-07-12,B09KSXP3HN,151.44
2024-07-12,B09KTF8ZDQ,13.89
2024-07-12,B09KTFXX6L,3.75
2024-07-12,B09KTJRHC7,8.96
2024-07-12,B09KTMKDKJ,8.98
2024-07-12,B09MR3RSW8,3.58
2024-07-12,B09KTMLQ1N,37.74
2024-07-12,B09KDYY3SB,2.79
2024-07-12,B09KDN7PYR,13.89
2024-07-12,B09X1F8C23,5.13
2024-07-12,B09MR3XT5G,14.34
2024-07-12,B09MR2FY5D,3.83
2024-07-12,B09X1HV1NL,1.0
2024-07-12,B09MR4Z3H8,4.01
2024-07-12,B09MR4B13C,4.59
2024-07-12,B09MR4Z3H9,7.38
2024-07-12,B09MR56Q9N,1.76
2024-07-12,B09MR5WS3Y,13.89
2024-07-12,B09X1DHRLN,-0.78
2024-07-12,B09X1F1L26,13.89
2024-07-12,B09MR3Y296,13.89
2024-07-12,B09X1FWK8Z,4.56
2024-07-12,B09X1JTK49,3.22
2024-07-12,B0B31R1ZBV,4.63
2024-07-12,B0B31T1XMH,1.59
2024-07-12,B0B31V3PKG,0.65
2024-07-12,B0B31VFJ6Q,117.56
2024-07-12,B0B31VTH56,0.57
2024-07-12,B0B699PLXD,13.89
2024-07-12,B0B69B8R3C,27.33
2024-07-12,B0B69FBGN1,9.72
2024-07-12,B0B69DK8JN,4.68
2024-07-12,B0BDRTZTGX,13.89
2024-07-12,B0BRCYV77T,13.89
2024-07-12,B0BG2T78CJ,13.89
2024-07-12,B0BGDX2Z3L,37.22
2024-07-12,B0BRCXQRC9,1.6
2024-07-12,B0BGDXM13S,6.23
2024-07-12,B0BGDXV7FD,27.2
2024-07-12,B0BGDZLDX2,2.79
2024-07-12,B0BNKY8RQN,11.59
2024-07-12,B0BNKYZD2Z,13.89
2024-07-12,B0BNKZ88Z5,148.11
2024-07-12,B0BNKZCWFL,97.0
2024-07-12,B0BNL3J36Z,8.98
2024-07-12,B0BNKYPVM6,13.89
2024-07-12,B0BNL5BKMK,2.37
2024-07-12,B0BNL5HYLR,27.22
2024-07-12,B0BNL5JR7V,9.09
2024-07-12,B0BRCW2B64,1.63
2024-07-12,B0BRCW79VK,4.83
2024-07-12,B0BRCXCXCV,3.58
2024-07-12,B0BRCXDHBX,3.72
2024-07-12,B0B31Y1FDZ,8.92
2024-07-12,B0BRCXQMS5,1.0
2024-07-12,B0BNL46Y7W,0.05
2024-07-12,B0BRCXSTKW,5.51
2024-07-12,B0BRCXJRX6,4.18
2024-07-12,B0BRCY8QMH,13.89
2024-07-12,B0CR49NR3B,-0.32
2024-07-12,B0CR49BQRS,14.3
2024-07-12,B0BRCYK4JK,13.89
2024-07-12,B0BRCYQNSW,5.82
2024-07-12,B0BRDCBGFD,1.59
2024-07-12,B0BRDCJWJC,13.89
2024-07-12,B0BSLVXHYJ,-0.78
2024-07-12,B0C9JLKFPZ,13.89
2024-07-12,B0CFV6V981,5.28
2024-07-12,B0CR49N6MQ,0.65
2024-07-12,B0BRCYJ33N,13.65
2024-07-12,B0CR4BG4ZW,0.57
2024-07-12,B0CR4BGLK5,13.89
2024-07-12,B0CR4BK4FW,13.89
2024-07-12,B0CR4C5WXS,6.23
2024-07-12,B0CR4C98FS,9.72
2024-07-12,B0CY5KFQBD,5.94
2024-07-12,B0CY5LR4VX,116.41
2024-07-12,B0BGDWGRQB,27.33
2024-07-12,B0CY5QQ49F,4.68
2024-07-12,B0BRCXXBG2,26.15
2024-07-13,B09KDVXTP4,13.99
2024-07-13,B09KDTHJ6V,13.99
2024-07-13,B0BDRTZTGX,147.96
2024-07-13,B09KDQ2BWY,1.6
2024-07-13,B09KDN7PYR,9.25
2024-07-13,B09KDYY3SB,3.24
2024-07-13,B09KDR64LT,13.99
2024-07-13,B09KDW1YKQ,27.57
2024-07-13,B09KTF8ZDQ,97.4
2024-07-13,B09KDZQJ6P,13.99
2024-07-13,B09MR3XT5G,4.01
2024-07-13,B09KSXP3HN,7.9
2024-07-13,B09KTFXX6L,3.23
2024-07-13,B09KTJRHC7,10.51
2024-07-13,B09KTMKDKJ,37.78
2024-07-13,B09KTMLQ1N,2.64
2024-07-13,B09MR3Y296,13.99
2024-07-13,B09MR2FY5D,10.72
2024-07-13,B09KDXJJ6W,4.26
2024-07-13,B09KSYL73R,14.17
2024-07-13,B0B31T1XMH,0.09
2024-07-13,B0B69FBGN1,1.0
2024-07-13,B09MR3RSW8,3.73
2024-07-13,B09MR4Z3H9,7.39
2024-07-13,B0B31R1ZBV,-0.33
2024-07-13,B09MR5WS3Y,0.61
2024-07-13,B09X1F1L26,4.68
2024-07-13,B09X1F8C23,2.82
2024-07-13,B09X1FWK8Z,1.6
2024-07-13,B09X1HV1NL,2.38
2024-07-13,B09X1JTK49,0.83
2024-07-13,B09MR56Q9N,2.01
2024-07-13,B0B31Y1FDZ,-0.78
2024-07-13,B0B31V3PKG,4.07
2024-07-13,B0B31VFJ6Q,12.05
2024-07-13,B0B699PLXD,12.06
2024-07-13,B0B69B8R3C,-0.3
2024-07-13,B0B69C4GST,6.21
2024-07-13,B09KDLQ2GW,117.96
2024-07-13,B0B69DK8JN,27.36
2024-07-13,B09MR4B13C,4.95
2024-07-13,B09MR4Z3H8,26.9
2024-07-13,B0B69SF1BT,0.54
2024-07-13,B0BRCYQNSW,5.68
2024-07-13,B0BG2PD396,3.18
2024-07-13,B0BNL5CJ8G,3.15
2024-07-13,B0BGDWGRQB,37.78
2024-07-13,B0BRCXQMS5,13.62
2024-07-13,B0BGDX2Z3L,0.61
2024-07-13,B0BGDXV7FD,147.96
2024-07-13,B0BNKY8RQN,2.42
2024-07-13,B0BNKYPVM6,27.57
2024-07-13,B0BNL3J36Z,16.16
2024-07-13,B0BRCXQRC9,9.25
2024-07-13,B0BNL5BKMK,97.4
2024-07-13,B0BNL5HYLR,5.53
2024-07-13,B0BRCW79VK,1.3
2024-07-13,B0BRCXP7VN,3.74
2024-07-13,B0BRCXDHBX,2.28
2024-07-13,B0BRCXCXCV,1.64
2024-07-13,B0BRCXJRX6,4.26
2024-07-13,B0BRCW2B64,5.99
2024-07-13,B0B69DD2C7,0.09
2024-07-13,B0BNKYZD2Z,1.0
2024-07-13,B0CR49BQRS,3.63
2024-07-13,B0BNKZ88Z5,9.09
2024-07-13,B0BG2T78CJ,3.73
2024-07-13,B0BRCXXBG2,7.39
2024-07-13,B0BRCYJ33N,1.7
2024-07-13,B0BRCYK4JK,2.58
2024-07-13,B0BNL5JR7V,4.68
2024-07-13,B0BRCYV77T,1.71
2024-07-13,B0BRDCBGFD,3.15
2024-07-13,B0BRDCJWJC,1.6
2024-07-13,B0C9JLKFPZ,4.65
2024-07-13,B0CFV6V981,1.81
2024-07-13,B0CR49N6MQ,0.83
2024-07-13,B0BSLVXHYJ,1.6
2024-07-13,B0CY5LR4VX,7.57
2024-07-13,B0CR4BG4ZW,15.41
2024-07-13,B0CR4BGLK5,1.68
2024-07-13,B0CR4BK4FW,4.07
2024-07-13,B0CR4C5WXS,9.93
2024-07-13,B0CR4C98FS,120.12
2024-07-13,B0CY5KFQBD,27.36
2024-07-13,B0CR49NR3B,4.69
2024-07-13,B0CY5QQ49F,0.54
2024-07-14,B09KDR64LT,36.42
2024-07-14,B09KDQ2BWY,3.21
2024-07-14,B09KDPXYG3,26.08
2024-07-14,B09KDYY3SB,2.81
2024-07-14,B09KDLQ2GW,11.92
2024-07-14,B0BDRTZTGX,147.77
2024-07-14,B09KDTHJ6V,0.61
2024-07-14,B09KDN7PYR,97.98
2024-07-14,B09KDW1YKQ,8.95
2024-07-14,B09MR2MLZH,16.28
2024-07-14,B09KDZQJ6P,9.23
2024-07-14,B09MR3RSW8,27.71
2024-07-14,B09KSYL73R,7.89
2024-07-14,B09KTF8ZDQ,1.3
2024-07-14,B09KTFXX6L,5.43
2024-07-14,B09KTJRHC7,2.5
2024-07-14,B09KTMKDKJ,1.68
2024-07-14,B09KTMLQ1N,5.19
2024-07-14,B09MR3XT5G,7.04
2024-07-14,B09KDXJJ6W,2.35
2024-07-14,B09KSXP3HN,2.98
2024-07-14,B09MR4Z3H9,1.0
2024-07-14,B09MR3Y296,2.89
2024-07-14,B0B31R1ZBV,7.3
2024-07-14,B09MR36MLJ,3.76
2024-07-14,B09MR56Q9N,1.71
2024-07-14,B09MR5WS3Y,0.59
2024-07-14,B09X1DHRLN,0.64
2024-07-14,B09X1F1L26,4.62
2024-07-14,B09X1F8C23,2.77
2024-07-14,B09X1HV1NL,3.52
2024-07-14,B09X1JTK49,0.85
2024-07-14,B09MR4B13C,2.79
2024-07-14,B09MR4Z3H8,6.44
2024-07-14,B0B31SM3ZR,3.21
2024-07-14,B0B31T1XMH,1.58
2024-07-14,B0B31V3PKG,-0.81
2024-07-14,B0B31VFJ6Q,12.3
2024-07-14,B0B31VTH56,12.19
2024-07-14,B0B31Y1FDZ,8.95
2024-07-14,B0B699PLXD,7.3
2024-07-14,B0B69B8R3C,11.92
2024-07-14,B0B69DD2C7,36.42
2024-07-14,B0B69DK8JN,26.08
2024-07-14,B0BDRQWBK9,2.5
2024-07-14,B09MR2FY5D,27.39
2024-07-14,B0BG2PD396,120.07
2024-07-14,B0BNL5BKMK,27.71
2024-07-14,B0BRCXQRC9,7.29
2024-07-14,B0BGDXM13S,4.76
2024-07-14,B0BGDXV7FD,-0.26
2024-07-14,B0BGDZLDX2,16.28
2024-07-14,B0BNKYPVM6,4.16
2024-07-14,B0BNKYZD2Z,97.98
2024-07-14,B0BNKZ88Z5,0.61
2024-07-14,B0BNKZCWFL,4.34
2024-07-14,B0BRCXSTKW,1.3
2024-07-14,B0BGDWGRQB,1.68
2024-07-14,B0BRCXDHBX,-0.31
2024-07-14,B0BNL5HYLR,2.35
2024-07-14,B0BRCXP7VN,3.76
2024-07-14,B0BRCXJRX6,9.23
2024-07-14,B0BRCXQMS5,6.71
2024-07-14,B0BRCXCXCV,3.77
2024-07-14,B0BRCW79VK,14.15
2024-07-14,B0BRCW2B64,14.15
2024-07-14,B0BGDX2Z3L,8.34
2024-07-14,B0BNL5CJ8G,0.1
2024-07-14,B0CY5LR4VX,14.15
2024-07-14,B0BNL3J36Z,14.15
2024-07-14,B0CY5QQ49F,14.15
2024-07-14,B0BRCY8QMH,147.77
2024-07-14,B0BRCYJ33N,14.65
2024-07-14,B0BRCYJ4SR,14.15
2024-07-14,B0BRCYK4JK,14.46
2024-07-14,B0BRCYQNSW,14.99
2024-07-14,B0BRCYV77T,14.63
2024-07-14,B0BRDCBGFD,14.15
2024-07-14,B0BRDCJWJC,2.89
2024-07-14,B0C9JLKFPZ,14.15
2024-07-14,B0CFV6V981,4.16
2024-07-14,B0CR49BQRS,0.59
2024-07-14,B0BG2VYWSG,0.64
2024-07-14,B0BRCXXBG2,4.62
2024-07-14,B0CR49NR3B,2.4
2024-07-14,B0CR4BG4ZW,0.85
2024-07-14,B0CR4BGLK5,1.58
2024-07-14,B0CR4BK4FW,1.59
2024-07-14,B0CR4C5WXS,4.65
2024-07-14,B0CR4C98FS,3.15
2024-07-14,B0CY5KFQBD,-0.81
2024-07-14,B0CR49N6MQ,27.71
2024-07-15,B09KDTHJ6V,6.11
2024-07-15,B09KDR64LT,12.2
2024-07-15,B09KDLQ2GW,9.82
2024-07-15,B09KDQ2BWY,7.79
2024-07-15,B09MR3RSW8,11.42
2024-07-15,B09KDN7PYR,39.9
2024-07-15,B0BDRS6R5Z,2.61
2024-07-15,B09KDTS4DC,4.54
2024-07-15,B09KDYY3SB,28.19
2024-07-15,B09KDPXYG3,124.64
2024-07-15,B09KDVXTP4,9.25
2024-07-15,B09KSYL73R,27.0
2024-07-15,B09KDZQJ6P,-0.19
2024-07-15,B09MR36MLJ,16.17
2024-07-15,B09KSXP3HN,4.81
2024-07-15,B09KT5HMNY,97.27
2024-07-15,B09KTF8ZDQ,148.31
2024-07-15,B09KTFXX6L,4.26
2024-07-15,B09KTJRHC7,1.3
2024-07-15,B09KTMKDKJ,2.75
2024-07-15,B09KTMLQ1N,1.99
2024-07-15,B09KDW1YKQ,5.42
2024-07-15,B09KDXJJ6W,3.66
2024-07-15,B09X1JTK49,8.93
2024-07-15,B09MR3XT5G,4.02
2024-07-15,B09MR2FY5D,2.16
2024-07-15,B09MR4G722,3.62
2024-07-15,B09MR4Z3H8,14.26
2024-07-15,B09MR56Q9N,6.51
2024-07-15,B09MR5WS3Y,14.2
2024-07-15,B09X1DHRLN,14.2
2024-07-15,B09X1F1L26,14.2
2024-07-15,B09X1F8C23,14.07
2024-07-15,B09X1HV1NL,14.17
2024-07-15,B09MR4Z3H9,14.2
2024-07-15,B0B31Y1FDZ,14.2
2024-07-15,B0B31R1ZBV,14.2
2024-07-15,B0B31T1XMH,14.2
2024-07-15,B0B31V3PKG,14.2
2024-07-15,B0B31VFJ6Q,3.16
2024-07-15,B0B31VTH56,14.2
2024-07-15,B0B69B8R3C,0.1
2024-07-15,B0B69C4GST,12.2
2024-07-15,B0B69DD2C7,3.34
2024-07-15,B0B69DK8JN,0.56
2024-07-15,B0B69FBGN1,0.61
2024-07-15,B09MR3Y296,1.94
2024-07-15,B09MR2MLZH,1.57
2024-07-15,B09MR4B13C,3.73
2024-07-15,B0CR4C98FS,1.57
2024-07-15,B0BNL1MQ48,97.27
2024-07-15,B0BG2VYWSG,4.55
2024-07-15,B0BGDWGRQB,6.11
2024-07-15,B0BGDX2Z3L,7.79
2024-07-15,B0BGDXM13S,2.61
2024-07-15,B0BGDXV7FD,9.11
2024-07-15,B0BGDZLDX2,-0.19
2024-07-15,B0BNKYZD2Z,11.42
2024-07-15,B0BNKZ88Z5,4.39
2024-07-15,B0BNKZCWFL,27.19
2024-07-15,B0BRCXQMS5,4.75
2024-07-15,B0BNKYPVM6,28.19
2024-07-15,B0BRCXJRX6,124.64
2024-07-15,B0BNL3ZV7H,9.25
2024-07-15,B0BRCXDHBX,39.9
2024-07-15,B0BRCXCXCV,16.17
2024-07-15,B0BRCXP7VN,3.31
2024-07-15,B0BNL5BKMK,2.37
2024-07-15,B0BRCW2B64,5.98
2024-07-15,B0BNL5HYLR,3.96
2024-07-15,B0BNL5CJ8G,4.0
2024-07-15,B0B69SF1BT,1.3
2024-07-15,B0BNL3J36Z,1.6
2024-07-15,B0CY5QQ49F,4.95
2024-07-15,B0BRCW79VK,5.42
2024-07-15,B0BG2PD396,8.93
2024-07-15,B0BRCXSTKW,2.39
2024-07-15,B0BDRTZTGX,14.2
2024-07-15,B0BRCXQRC9,-0.24
2024-07-15,B0BRCXXBG2,14.2
2024-07-15,B0BRCY8QMH,14.2
2024-07-15,B0BRCYJ33N,2.99
2024-07-15,B0BRCYK4JK,27.3
2024-07-15,B0BRCYQNSW,14.88
2024-07-15,B0BRCYV77T,5.05
2024-07-15,B0BRDCBGFD,148.31
2024-07-15,B0BRDCJWJC,14.2
2024-07-15,B0BRCYJ4SR,2.74
2024-07-15,B0CR4BK4FW,14.2
2024-07-15,B0CFV6V981,13.91
2024-07-15,B0CR49BQRS,14.2
2024-07-15,B0CR49N6MQ,14.2
2024-07-15,B0CR49NR3B,14.2
2024-07-15,B0CR4BG4ZW,0.73
2024-07-15,B0CR4BGLK5,14.66
2024-07-15,B0CY5LR4VX,15.51
2024-07-15,B0CR4C5WXS,0.56
2024-07-15,B0CY5KFQBD,0.61
2024-07-15,B0C9JLKFPZ,4.55
2024-07-16,B09KDTS4DC,2.45
2024-07-16,B09KSXP3HN,4.05
2024-07-16,B09KDTHJ6V,1.6
2024-07-16,B09KDW1YKQ,0.81
2024-07-16,B09KDVXTP4,1.63
2024-07-16,B09KDR64LT,4.43
2024-07-16,B09KDLQ2GW,6.41
2024-07-16,B09KDPXYG3,-0.7
2024-07-16,B09KDNYCYR,27.21
2024-07-16,B0BGDXV7FD,37.7
2024-07-16,B09KDXJJ6W,2.56
2024-07-16,B09KDQ2BWY,8.78
2024-07-16,B09KDYY3SB,8.5
2024-07-16,B09MR36MLJ,12.03
2024-07-16,B09KSYL73R,13.58
2024-07-16,B09MR4D874,4.56
2024-07-16,B09KT5HMNY,27.75
2024-07-16,B09KTF8ZDQ,125.02
2024-07-16,B09KTFXX6L,11.94
2024-07-16,B09KTJRHC7,10.24
2024-07-16,B09KTMKDKJ,26.26
2024-07-16,B09KTMLQ1N,1.78
2024-07-16,B09MR2FY5D,8.69
2024-07-16,B09MR2MLZH,16.05
2024-07-16,B09MR3XT5G,150.99
2024-07-16,B09MR3Y296,4.02
2024-07-16,B09MR4G722,1.3
2024-07-16,B09KDZQJ6P,1.65
2024-07-16,B09KDN7PYR,-0.25
2024-07-16,B0B31SM3ZR,0.71
2024-07-16,B09MR4Z3H8,6.9
2024-07-16,B09X1JTK49,5.27
2024-07-16,B0B31VFJ6Q,8.56
2024-07-16,B0B31T1XMH,2.34
2024-07-16,B0B31SVP2Q,5.92
2024-07-16,B09MR4B13C,5.06
2024-07-16,B0B31R1ZBV,13.92
2024-07-16,B09X1FWK8Z,96.62
2024-07-16,B09X1HV1NL,14.03
2024-07-16,B09X1F8C23,14.13
2024-07-16,B09X1F1L26,13.86
2024-07-16,B09MR56Q9N,14.54
2024-07-16,B09MR5WS3Y,13.92
2024-07-16,B0B31Y1FDZ,13.92
2024-07-16,B0B31VTH56,13.92
2024-07-16,B0BG2T78CJ,13.92
2024-07-16,B0B699PLXD,13.92
2024-07-16,B0B69C4GST,13.92
2024-07-16,B0B69DK8JN,2.74
2024-07-16,B0B69FBGN1,0.03
2024-07-16,B0B69GN5KJ,13.92
2024-07-16,B0B69N4B1S,0.54
2024-07-16,B0B69SF1BT,0.57
2024-07-16,B0BDRQWBK9,4.57
2024-07-16,B0BDRS6R5Z,2.45
2024-07-16,B0BDRTZTGX,3.96
2024-07-16,B0BG2PD396,0.81
2024-07-16,B0BGDWGRQB,1.63
2024-07-16,B09MR4Z3H9,4.43
2024-07-16,B0BGDX2Z3L,5.31
2024-07-16,B09MR3RSW8,3.24
2024-07-16,B0BGDZLDX2,1.6
2024-07-16,B0BNL3J36Z,-0.7
2024-07-16,B0BRCXDHBX,37.38
2024-07-16,B0BNKYZD2Z,12.03
2024-07-16,B0BNKZ5BR1,8.78
2024-07-16,B0BNKZBJX2,7.08
2024-07-16,B0BNKZCWFL,11.42
2024-07-16,B0BNKZF51P,26.26
2024-07-16,B0BNL117VT,2.56
2024-07-16,B0BNL11QD8,27.75
2024-07-16,B0BNL13PNY,125.02
2024-07-16,B0BNL1MQ48,8.99
2024-07-16,B0BNL1RDVC,6.17
2024-07-16,B0BNL1WL6R,27.21
2024-07-16,B0BRCXJRX6,2.03
2024-07-16,B0BNL2VK7L,4.56
2024-07-16,B0BNL3RDG4,16.05
2024-07-16,B0BNL5LCM5,13.92
2024-07-16,B0BNL3ZV7H,96.62
2024-07-16,B0BRCW2B64,4.02
2024-07-16,B0BNL7TJRT,1.3
2024-07-16,B0BNL6H152,1.65
2024-07-16,B0BRCW79VK,-0.25
2024-07-16,B0BNL5HYLR,0.71
2024-07-16,B0BNL4Y2J9,3.59
2024-07-16,B0BNL4S7GH,8.47
2024-07-16,B0BNL5CJ8G,2.34
2024-07-16,B0BNKZ88Z5,5.92
2024-07-16,B0BNL5BKMK,3.71
2024-07-16,B0BNKZ9BJR,13.92
2024-07-16,B0CR4C5WXS,5.27
2024-07-16,B0BRCXCXCV,13.93
2024-07-16,B0CY5QQ49F,15.34
2024-07-16,B0BRCXQMS5,152.55
2024-07-16,B0BRCXP7VN,13.92
2024-07-16,B0BRCXSTKW,13.92
2024-07-16,B0BRCXXBG2,13.92
2024-07-16,B0BRCY8QMH,13.92
2024-07-16,B0BRCYJ33N,13.93
2024-07-16,B0BRCYJ4SR,13.92
2024-07-16,B0BRCYK4JK,14.0
2024-07-16,B0BRCYQNSW,5.25
2024-07-16,B0BRCYV77T,3.0
2024-07-16,B0BRDCBGFD,13.92
2024-07-16,B0BRDCJWJC,96.62
2024-07-16,B0BSLTZV4Z,3.96
2024-07-16,B0BRCXQRC9,4.68
2024-07-16,B0BSLWJKSX,0.54
2024-07-16,B0BSLVXHYJ,0.57
2024-07-16,B0CY5KFQBD,2.15
2024-07-16,B0CY5LR4VX,2.62
2024-07-16,B0CR4C98FS,1.6
2024-07-16,B0BNKYW36G,0.81
2024-07-16,B0CR4BGLK5,3.34
2024-07-16,B0CR4BK4FW,4.57
2024-07-16,B0CR49NR3B,6.17
2024-07-16,B0CR49N6MQ,4.7
2024-07-16,B0CR49BQRS,6.89
2024-07-16,B0CFV6V981,8.78
2024-07-16,B0C9JLKFPZ,2.07
2024-07-16,B0CR4BG4ZW,13.9
2024-07-17,B09KDTHJ6V,7.1
2024-07-17,B09KDVXTP4,26.19
2024-07-17,B09KDTS4DC,4.75
2024-07-17,B09KDR64LT,27.83
2024-07-17,B09KDLQ2GW,123.09
2024-07-17,B09KDPXYG3,8.86
2024-07-17,B09KDNYCYR,36.69
2024-07-17,B09KDN7PYR,15.76
2024-07-17,B09KDW1YKQ,3.18
2024-07-17,B09MR4B13C,1.71
2024-07-17,B09KDQ2BWY,12.28
2024-07-17,B09KDXJJ6W,5.93
2024-07-17,B09KTF8ZDQ,4.09
2024-07-17,B09KDZQJ6P,1.0
2024-07-17,B09KSXP3HN,2.75
2024-07-17,B09KSYL73R,5.1
2024-07-17,B09KT5HMNY,3.53
2024-07-17,B09KTFXX6L,7.84
2024-07-17,B09KTJRHC7,13.21
2024-07-17,B09KTMKDKJ,2.38
2024-07-17,B09KTMLQ1N,2.04
2024-07-17,B09MR2FY5D,14.73
2024-07-17,B09MR2MLZH,13.91
2024-07-17,B09MR4D874,27.16
2024-07-17,B09MR3RSW8,2.76
2024-07-17,B09KDYY3SB,151.07
2024-07-17,B0BNKY8RQN,13.91
2024-07-17,B0B31Y1FDZ,13.91
2024-07-17,B0BGDXV7FD,3.69
2024-07-17,B09MR3XT5G,15.8
2024-07-17,B09X1JTK49,13.91
2024-07-17,B0B31V3PKG,13.91
2024-07-17,B0B31T1XMH,13.91
2024-07-17,B0B31SVP2Q,13.91
2024-07-17,B0B31SM3ZR,13.91
2024-07-17,B0B31R1ZBV,13.91
2024-07-17,B09MR4Z3H9,13.91
2024-07-17,B09X1HV1NL,16.03
2024-07-17,B09X1F8C23,5.55
2024-07-17,B09X1F1L26,3.73
2024-07-17,B09MR5WS3Y,0.56
2024-07-17,B09MR56Q9N,2.79
2024-07-17,B0B31VTH56,2.42
2024-07-17,B0B31VFJ6Q,1.69
2024-07-17,B0B69SF1BT,1.6
2024-07-17,B0B699PLXD,0.77
2024-07-17,B0B69DD2C7,3.94
2024-07-17,B0B69DK8JN,4.55
2024-07-17,B0B69GN5KJ,6.25
2024-07-17,B09MR4G722,7.1
2024-07-17,B0BDRTZTGX,2.53
2024-07-17,B0BG2PD396,8.76
2024-07-17,B0BG2T78CJ,-0.22
2024-07-17,B0BG2VYWSG,11.68
2024-07-17,B0BGDWGRQB,26.19
2024-07-17,B0BGDX2Z3L,5.95
2024-07-17,B09MR4Z3H8,27.17
2024-07-17,B09MR3Y296,122.28
2024-07-17,B09MR36MLJ,8.86
2024-07-17,B0BNKZ88Z5,36.69
2024-07-17,B0BRCXJRX6,4.48
2024-07-17,B0BNL4S7GH,15.76
2024-07-17,B0BNKZ5BR1,3.18
2024-07-17,B0BRCXDHBX,27.05
2024-07-17,B0BNKZ9BJR,96.61
2024-07-17,B0BNKZBJX2,4.09
2024-07-17,B0BNKZCWFL,1.3
2024-07-17,B0BNKZF51P,1.6
2024-07-17,B0BNL11QD8,2.38
2024-07-17,B0BNL13PNY,3.53
2024-07-17,B0BNL2VK7L,3.71
2024-07-17,B0BNL3J36Z,5.43
2024-07-17,B0BNL3RDG4,8.24
2024-07-17,B0BNL3YY1C,13.91
2024-07-17,B0BNL1WL6R,-0.27
2024-07-17,B0BNL4Y2J9,13.91
2024-07-17,B0BNL5N28Z,13.91
2024-07-17,B0BRCXCXCV,7.19
2024-07-17,B0BNL5BKMK,2.76
2024-07-17,B0BRCW2B64,151.64
2024-07-17,B0BNL7TJRT,13.91
2024-07-17,B0BNL6H152,0.67
2024-07-17,B0BRCW79VK,0.04
2024-07-17,B0BNL5LCM5,13.91
2024-07-17,B0BNL5HYLR,13.91
2024-07-17,B0BNL5CJ8G,13.91
2024-07-17,B0BNL5JR7V,13.91
2024-07-17,B0BSLTZV4Z,13.91
2024-07-17,B0BRCXQMS5,14.73
2024-07-17,B0BGDZLDX2,13.91
2024-07-17,B0CY5QQ49F,16.3
2024-07-17,B0BNKYW36G,12.28
2024-07-17,B0BRCXP7VN,3.21
2024-07-17,B0BRCXQRC9,3.03
2024-07-17,B0BRCXSTKW,0.56
2024-07-17,B0BRCXXBG2,1.57
2024-07-17,B0BRCY8QMH,2.42
2024-07-17,B0BRCYJ33N,1.94
2024-07-17,B0BNKYZD2Z,1.6
2024-07-17,B0BRCYK4JK,5.55
2024-07-17,B0BRCYQNSW,3.94
2024-07-17,B0BRCYV77T,6.57
2024-07-17,B0BRDCBGFD,6.25
2024-07-17,B0BRDCJWJC,7.1
2024-07-17,B0BRCYJ4SR,2.53
2024-07-17,B0BSLWJKSX,8.76
2024-07-17,B0BSLVXHYJ,-0.22
2024-07-17,B0CY5KFQBD,15.29
2024-07-17,B0CR4C98FS,26.19
2024-07-17,B0CR4C5WXS,4.75
2024-07-17,B0CR4BK4FW,27.83
2024-07-17,B0CR4BGLK5,123.67
2024-07-17,B0CY5LR4VX,13.08
2024-07-17,B0CR49NR3B,36.69
2024-07-17,B0CR49N6MQ,4.48
2024-07-17,B0CR49BQRS,15.76
2024-07-17,B0CFV6V981,3.41
2024-07-17,B0C9JLKFPZ,26.93
2024-07-17,B0CR4BG4ZW,96.28
2024-07-18,B09KDW1YKQ,4.2
2024-07-18,B09KDVXTP4,1.3
2024-07-18,B09KDTS4DC,1.63
2024-07-18,B09KDTHJ6V,2.35
2024-07-18,B09KDR64LT,3.49
2024-07-18,B09KDNYCYR,3.69
2024-07-18,B09KDPXYG3,5.45
2024-07-18,B09KDN7PYR,8.52
2024-07-18,B09KDLQ2GW,13.94
2024-07-18,B0BGDX2Z3L,-0.32
2024-07-18,B09KDQ2BWY,13.94
2024-07-18,B09KDXJJ6W,13.94
2024-07-18,B09MR3XT5G,5.85
2024-07-18,B09MR3Y296,2.75
2024-07-18,B09KSXP3HN,151.92
2024-07-18,B09KT5HMNY,13.94
2024-07-18,B09KTF8ZDQ,0.68
2024-07-18,B09KTFXX6L,0.05
2024-07-18,B09KTJRHC7,13.94
2024-07-18,B09KTMKDKJ,13.94
2024-07-18,B09KTMLQ1N,13.94
2024-07-18,B09MR2FY5D,16.16
2024-07-18,B09MR2MLZH,13.94
2024-07-18,B09MR36MLJ,13.94
2024-07-18,B09MR3RSW8,13.94
2024-07-18,B09KDYY3SB,13.94
2024-07-18,B09KDZQJ6P,16.13
2024-07-18,B09MR4B13C,3.17
2024-07-18,B0B31Y1FDZ,0.53
2024-07-18,B09MR4G722,0.57
2024-07-18,B0BGDWGRQB,1.6
2024-07-18,B0B31T1XMH,2.44
2024-07-18,B0B31SVP2Q,-0.78
2024-07-18,B0B31SM3ZR,1.6
2024-07-18,B0B31R1ZBV,0.79
2024-07-18,B09X1JTK49,3.94
2024-07-18,B09X1F1L26,4.56
2024-07-18,B09X1F8C23,7.6
2024-07-18,B09MR5WS3Y,7.33
2024-07-18,B09MR56Q9N,4.23
2024-07-18,B09MR4Z3H9,9.0
2024-07-18,B0B31VFJ6Q,-0.27
2024-07-18,B09MR4Z3H8,14.92
2024-07-18,B0BG2T78CJ,26.01
2024-07-18,B0B31VTH56,4.69
2024-07-18,B0B699PLXD,27.65
2024-07-18,B0B69B8R3C,120.52
2024-07-18,B0B69C4GST,9.22
2024-07-18,B0B69DK8JN,36.96
2024-07-18,B0B69GN5KJ,4.5
2024-07-18,B0B69N4B1S,15.95
2024-07-18,B0B69SF1BT,3.14
2024-07-18,B0BDRQWBK9,26.9
2024-07-18,B0BDRS6R5Z,95.87
2024-07-18,B0BDRTZTGX,4.2
2024-07-18,B0BG2PD396,1.3
2024-07-18,B09MR4D874,1.63
2024-07-18,B09KSYL73R,6.65
2024-07-18,B09X1HV1NL,6.14
2024-07-18,B0BGDXM13S,3.69
2024-07-18,B0BRCXJRX6,5.45
2024-07-18,B0BRCXCXCV,8.52
2024-07-18,B0BNKY8RQN,13.94
2024-07-18,B0BNKZ5BR1,-0.32
2024-07-18,B0BNKZ6N9L,13.94
2024-07-18,B0BNKZ9BJR,13.94
2024-07-18,B0BNKZBJX2,5.85
2024-07-18,B0BNKZCWFL,2.75
2024-07-18,B0BNKZF51P,148.13
2024-07-18,B0BNKZYHRX,13.94
2024-07-18,B0BNL11QD8,0.68
2024-07-18,B0BNL13PNY,0.05
2024-07-18,B0BNL3RDG4,13.94
2024-07-18,B0BNL3YY1C,13.94
2024-07-18,B0BGDZLDX2,13.94
2024-07-18,B0BNL5JR7V,13.94
2024-07-18,B0BRCW79VK,13.94
2024-07-18,B0BRCW2B64,13.94
2024-07-18,B0BNL7TJRT,13.94
2024-07-18,B0BNL5N28Z,13.94
2024-07-18,B0BNL6H152,11.98
2024-07-18,B0BNL5HYLR,3.17
2024-07-18,B0BNL5CJ8G,0.53
2024-07-18,B0BNL4Y2J9,0.57
2024-07-18,B0BNL4S7GH,1.6
2024-07-18,B0BNL4NX61,2.44
2024-07-18,B0CY5QQ49F,-0.78
2024-07-18,B0BNL46Y7W,1.6
2024-07-18,B0BRCXDHBX,0.79
2024-07-18,B0BNL2VK7L,3.94
2024-07-18,B0BRCXP7VN,4.56
2024-07-18,B0BSLTZV4Z,6.1
2024-07-18,B0BRCXQRC9,7.33
2024-07-18,B0BRCXSTKW,2.48
2024-07-18,B0BRCXXBG2,9.0
2024-07-18,B0BRCY8QMH,-0.27
2024-07-18,B0BRCYJ33N,11.6
2024-07-18,B0BRCYJ4SR,26.01
2024-07-18,B0BRCYK4JK,4.69
2024-07-18,B0BRCYQNSW,27.65
2024-07-18,B0BRCYV77T,118.39
2024-07-18,B0BRDCBGFD,9.22
2024-07-18,B0BRDCJWJC,36.96
2024-07-18,B0BSLVXHYJ,4.5
2024-07-18,B0BSLWJKSX,15.95
2024-07-18,B0BRCXQMS5,6.35
2024-07-18,B0BGDXV7FD,26.9
2024-07-18,B0C9JLKFPZ,95.87
2024-07-18,B0CY5LR4VX,4.2
2024-07-18,B0CY5KFQBD,1.3
2024-07-18,B0CR4C98FS,1.63
2024-07-18,B0CR4BK4FW,2.35
2024-07-18,B0CR4C5WXS,3.49
2024-07-18,B0CR4BG4ZW,3.69
2024-07-18,B0CR49NR3B,5.45
2024-07-18,B0CR49N6MQ,8.52
2024-07-18,B0CR49BQRS,13.94
2024-07-18,B0CFV6V981,1.61
2024-07-18,B0CR4BGLK5,13.94
2024-07-19,B09KDTHJ6V,13.95
2024-07-19,B09KDW1YKQ,5.9
2024-07-19,B09KDVXTP4,2.77
2024-07-19,B09KDTS4DC,148.25
2024-07-19,B09KDR64LT,13.95
2024-07-19,B09KDZQJ6P,0.66
2024-07-19,B09KDNYCYR,0.05
2024-07-19,B09KDN7PYR,13.95
2024-07-19,B09KDLQ2GW,13.95
2024-07-19,B0BGDXM13S,13.95
2024-07-19,B09KDXJJ6W,13.95
2024-07-19,B09KDPXYG3,13.95
2024-07-19,B09KDYY3SB,13.95
2024-07-19,B09KTJRHC7,13.95
2024-07-19,B09MR3Y296,13.95
2024-07-19,B09KSYL73R,15.85
2024-07-19,B09KT5HMNY,3.2
2024-07-19,B09KTF8ZDQ,0.59
2024-07-19,B09KTFXX6L,3.09
2024-07-19,B09KTMKDKJ,1.6
2024-07-19,B09KTMLQ1N,2.43
2024-07-19,B09MR2FY5D,2.08
2024-07-19,B09MR2MLZH,1.62
2024-07-19,B09MR3XT5G,0.81
2024-07-19,B09MR36MLJ,4.0
2024-07-19,B09MR3RSW8,4.61
2024-07-19,B09KSXP3HN,7.55
2024-07-19,B09MR4B13C,7.3
2024-07-19,B0B31R1ZBV,2.51
2024-07-19,B09MR4G722,8.94
2024-07-19,B09MR4Z3H8,-0.28
2024-07-19,B0B31SM3ZR,11.66
2024-07-19,B0B31SVP2Q,25.98
2024-07-19,B09X1HV1NL,4.92
2024-07-19,B0B31T1XMH,27.73
2024-07-19,B09X1JTK49,118.75
2024-07-19,B09MR5WS3Y,9.33
2024-07-19,B09X1F8C23,37.57
2024-07-19,B09X1F1L26,4.55
2024-07-19,B09MR56Q9N,15.77
2024-07-19,B09MR4Z3H9,3.17
2024-07-19,B0B31VTH56,27.02
2024-07-19,B0B31VFJ6Q,96.9
2024-07-19,B0BDRS6R5Z,4.14
2024-07-19,B0B31Y1FDZ,1.3
2024-07-19,B0B699PLXD,1.64
2024-07-19,B0B69B8R3C,2.37
2024-07-19,B0B69C4GST,3.59
2024-07-19,B0B69DK8JN,3.81
2024-07-19,B0B69GN5KJ,5.47
2024-07-19,B0B69N4B1S,8.58
2024-07-19,B0B69SF1BT,13.95
2024-07-19,B0BDRQWBK9,-0.33
2024-07-19,B0BDRTZTGX,13.95
2024-07-19,B0BG2T78CJ,13.95
2024-07-19,B0BGDWGRQB,5.9
2024-07-19,B09MR4D874,2.77
2024-07-19,B09KDQ2BWY,148.25
2024-07-19,B0BGDX2Z3L,13.95
2024-07-19,B0BRCXQRC9,0.66
2024-07-19,B0BGDXV7FD,0.05
2024-07-19,B0BNKY8RQN,13.95
2024-07-19,B0BNKZ5BR1,13.95
2024-07-19,B0BGDZLDX2,13.95
2024-07-19,B0BNKZ6N9L,13.95
2024-07-19,B0BNKZ9BJR,13.95
2024-07-19,B0BNKZBJX2,13.95
2024-07-19,B0BNKZCWFL,13.95
2024-07-19,B0BNKZYHRX,13.95
2024-07-19,B0BNL11QD8,11.98
2024-07-19,B0BNL13PNY,3.2
2024-07-19,B0BNL2VK7L,0.59
2024-07-19,B0BNL3RDG4,0.63
2024-07-19,B0BNL3YY1C,1.6
2024-07-19,B0BNKZF51P,2.43
2024-07-19,B0BNL5N28Z,-0.8
2024-07-19,B0BNL4NX61,1.62
2024-07-19,B0BRCW79VK,0.81
2024-07-19,B0BRCW2B64,4.0
2024-07-19,B0BNL7TJRT,4.61
2024-07-19,B0BNL6H152,6.04
2024-07-19,B0BRCXCXCV,8.8
2024-07-19,B0BNL5CJ8G,2.51
2024-07-19,B0BNL4Y2J9,8.94
2024-07-19,B0BNL4S7GH,-0.28
2024-07-19,B0BNL5HYLR,11.66
2024-07-19,B0BG2PD396,25.98
2024-07-19,B0BNL46Y7W,4.74
2024-07-19,B0BRCXDHBX,27.8
2024-07-19,B0BNL5JR7V,118.75
2024-07-19,B0BRCXP7VN,9.33
2024-07-19,B0CY5QQ49F,37.32
2024-07-19,B0BRCXJRX6,4.55
2024-07-19,B0BRCXQMS5,15.77
2024-07-19,B0BRCXSTKW,3.17
2024-07-19,B0BRCY8QMH,27.02
2024-07-19,B0BRCYJ33N,96.9
2024-07-19,B0BRCYJ4SR,4.14
2024-07-19,B0BRCYK4JK,1.3
2024-07-19,B0BRCYQNSW,1.64
2024-07-19,B0BRCYV77T,3.98
2024-07-19,B0BRDCBGFD,3.59
2024-07-19,B0BRDCJWJC,3.81
2024-07-19,B0BSLTZV4Z,5.47
2024-07-19,B0BRCXXBG2,8.58
2024-07-19,B0BSLWJKSX,13.95
2024-07-19,B0BSLVXHYJ,-0.33
2024-07-19,B0CY5KFQBD,13.95
2024-07-19,B0CR4C98FS,13.95
2024-07-19,B0CR4BK4FW,5.9
2024-07-19,B0CR4BGLK5,2.77
2024-07-19,B0CR4C5WXS,148.25
2024-07-19,B0CR49NR3B,13.95
2024-07-19,B0C9JLKFPZ,0.66
2024-07-19,B0CR4BG4ZW,0.05
2024-07-19,B0CFV6V981,13.95
2024-07-19,B0CR49BQRS,13.95
2024-07-19,B0CY5LR4VX,13.95
2024-07-19,B0CR49N6MQ,13.95
2024-07-20,B09KDLQ2GW,14.02
2024-07-20,B09KDN7PYR,14.02
2024-07-20,B09KDPXYG3,14.02
2024-07-20,B09KDQ2BWY,14.02
2024-07-20,B0BGDWGRQB,12.26
2024-07-20,B09KDR64LT,3.19
2024-07-20,B09KDTHJ6V,0.64
2024-07-20,B09KDVXTP4,0.6
2024-07-20,B09KDW1YKQ,1.61
2024-07-20,B09KDNYCYR,2.43
2024-07-20,B09KTFXX6L,-1.0
2024-07-20,B09MR3XT5G,1.62
2024-07-20,B09KDZQJ6P,0.86
2024-07-20,B09KSYL73R,6.61
2024-07-20,B09KTF8ZDQ,4.69
2024-07-20,B09KTJRHC7,6.1
2024-07-20,B09KTMKDKJ,7.33
2024-07-20,B09KTMLQ1N,2.43
2024-07-20,B09MR2FY5D,12.25
2024-07-20,B09KDXJJ6W,-0.3
2024-07-20,B09MR2MLZH,11.83
2024-07-20,B09KDYY3SB,25.99
2024-07-20,B09MR3Y296,4.82
2024-07-20,B09MR4G722,27.61
2024-07-20,B09MR4D874,118.65
2024-07-20,B09MR36MLJ,9.48
2024-07-20,B09X1JTK49,37.56
2024-07-20,B09MR4Z3H8,5.58
2024-07-20,B09MR4Z3H9,16.1
2024-07-20,B09MR56Q9N,6.21
2024-07-20,B09MR5Q6HJ,27.3
2024-07-20,B09MR5WS3Y,97.19
2024-07-20,B09X1F1L26,4.25
2024-07-20,B09X1F8C23,1.0
2024-07-20,B09X1HV1NL,2.83
2024-07-20,B09KSXP3HN,8.13
2024-07-20,B0BDRQWBK9,3.73
2024-07-20,B0B31SVP2Q,3.94
2024-07-20,B0B31T1XMH,5.43
2024-07-20,B0B31V3PKG,8.8
2024-07-20,B0B31VFJ6Q,14.02
2024-07-20,B0B31Y1FDZ,-0.35
2024-07-20,B0B699PLXD,14.02
2024-07-20,B0B69B8R3C,14.02
2024-07-20,B0B69C4GST,5.96
2024-07-20,B0B69DK8JN,2.85
2024-07-20,B09MR4B13C,147.73
2024-07-20,B0B31R1ZBV,14.02
2024-07-20,B0BG2PD396,0.65
2024-07-20,B0BRCYJ33N,0.09
2024-07-20,B0BGDX2Z3L,14.02
2024-07-20,B0BNL4S6MB,14.02
2024-07-20,B0BGDXV7FD,14.02
2024-07-20,B0BRCXQMS5,14.01
2024-07-20,B0BGDZLDX2,14.02
2024-07-20,B0BNKY8RQN,14.02
2024-07-20,B0BNKZ5BR1,14.02
2024-07-20,B0BNKZ88Z5,14.02
2024-07-20,B0BNKZBJX2,12.26
2024-07-20,B0BNL13PNY,3.19
2024-07-20,B0BNL3RDG4,0.64
2024-07-20,B0BRCXQRC9,0.6
2024-07-20,B0BNKZ9BJR,1.61
2024-07-20,B0BNL4Y2J9,2.43
2024-07-20,B0BNL5CJ8G,-0.8
2024-07-20,B0BNL5HYLR,1.62
2024-07-20,B0BNL6H152,0.86
2024-07-20,B0BRCXP7VN,97.19
2024-07-20,B0BRCW2B64,4.69
2024-07-20,B0BRCW79VK,6.1
2024-07-20,B0BRCXDHBX,8.98
2024-07-20,B0BRCXJRX6,3.45
2024-07-20,B0B69G3YRM,9.02
2024-07-20,B0BRCXCXCV,-0.3
2024-07-20,B0CR49N6MQ,11.83
2024-07-20,B0BNL2VK7L,25.99
2024-07-20,B0BGDXM13S,4.82
2024-07-20,B0BRCY8QMH,4.03
2024-07-20,B0BRCYJ4SR,118.65
2024-07-20,B0BRCYK4JK,9.48
2024-07-20,B0BRCYQNSW,37.56
2024-07-20,B0BRCYV77T,4.94
2024-07-20,B0BRDCBGFD,16.1
2024-07-20,B0BRDCJWJC,3.16
2024-07-20,B0BSLVXHYJ,0.66
2024-07-20,B0BSLWJKSX,27.61
2024-07-20,B0C9JLKFPZ,4.25
2024-07-20,B0CR49BQRS,1.3
2024-07-20,B0CFV6V981,1.65
2024-07-20,B0CY5QQ49F,2.3
2024-07-20,B0CR49NR3B,3.73
2024-07-20,B0CR4BG4ZW,3.94
2024-07-20,B0CR4BGLK5,5.43
2024-07-20,B0CR4BK4FW,8.8
2024-07-20,B0CR4C5WXS,-0.17
2024-07-20,B0CR4C98FS,-0.35
2024-07-20,B0CY5KFQBD,1.0
2024-07-20,B0CY5LR4VX,2.73
2024-07-20,B0BRCXXBG2,27.3
2024-07-21,B09KDTHJ6V,2.93
2024-07-21,B09KDR64LT,147.54
2024-07-21,B09KDQ2BWY,1.01
2024-07-21,B09KDPXYG3,0.69
2024-07-21,B09MR3XT5G,0.1
2024-07-21,B09KDN7PYR,4.46
2024-07-21,B0BDRQWBK9,2.88
2024-07-21,B09KDTS4DC,2.38
2024-07-21,B09MR3RSW8,3.41
2024-07-21,B09KDNYCYR,5.99
2024-07-21,B09KDVXTP4,2.91
2024-07-21,B09KT5HMNY,5.23
2024-07-21,B09KDXJJ6W,5.79
2024-07-21,B09KDYY3SB,15.99
2024-07-21,B09KDZQJ6P,6.46
2024-07-21,B09KSXP3HN,3.7
2024-07-21,B09KTF8ZDQ,0.61
2024-07-21,B09KTFXX6L,5.72
2024-07-21,B09KTJRHC7,-0.81
2024-07-21,B09KTMKDKJ,1.6
2024-07-21,B09KTMLQ1N,0.85
2024-07-21,B09MR2FY5D,3.38
2024-07-21,B09KDW1YKQ,4.85
2024-07-21,B09KSYL73R,2.78
2024-07-21,B09MR5Q6HJ,6.12
2024-07-21,B09MR3Y296,36.0
2024-07-21,B09MR2MLZH,-0.28
2024-07-21,B09X1F8C23,10.79
2024-07-21,B09X1F1L26,7.34
2024-07-21,B09MR5WS3Y,11.7
2024-07-21,B09MR4D874,2.58
2024-07-21,B09MR56Q9N,5.12
2024-07-21,B09MR4Z3H9,27.39
2024-07-21,B09MR4Z3H8,117.29
2024-07-21,B09MR4G722,9.34
2024-07-21,B09X1JTK49,25.97
2024-07-21,B09X1HV1NL,96.84
2024-07-21,B0B69G3YRM,16.35
2024-07-21,B0B31R1ZBV,4.07
2024-07-21,B0B31SM3ZR,26.93
2024-07-21,B0B31SVP2Q,4.4
2024-07-21,B0B31T1XMH,5.99
2024-07-21,B0B31V3PKG,3.23
2024-07-21,B0B31VFJ6Q,1.43
2024-07-21,B0B31Y1FDZ,1.68
2024-07-21,B0B699PLXD,2.42
2024-07-21,B0B69C4GST,3.79
2024-07-21,B09KDLQ2GW,4.03
2024-07-21,B0B69DK8JN,5.49
2024-07-21,B09MR4B13C,-0.15
2024-07-21,B09MR36MLJ,-0.33
2024-07-21,B0BRCY8QMH,1.0
2024-07-21,B0B69DD2C7,2.8
2024-07-21,B0BRCXQMS5,10.3
2024-07-21,B0BNKZCWFL,2.93
2024-07-21,B0BG2T78CJ,147.54
2024-07-21,B0BG2Z8CY4,0.1
2024-07-21,B0BGDWGRQB,0.69
2024-07-21,B0BGDX2Z3L,2.88
2024-07-21,B0BGDXM13S,4.46
2024-07-21,B0BGDXV7FD,5.79
2024-07-21,B0BNKYPVM6,1.01
2024-07-21,B0BNKZ5BR1,3.41
2024-07-21,B0BNKZBJX2,0.68
2024-07-21,B0BGDZLDX2,2.91
2024-07-21,B0BNKZKGFG,5.23
2024-07-21,B0BRCW79VK,2.38
2024-07-21,B0BRCXJRX6,3.06
2024-07-21,B0BNL13PNY,4.79
2024-07-21,B0BRCXDHBX,2.86
2024-07-21,B0BRCXCXCV,4.22
2024-07-21,B0BRCXP7VN,1.6
2024-07-21,B0BRCW2B64,-0.81
2024-07-21,B0BNL4S7GH,2.42
2024-07-21,B0BNL4S6MB,4.85
2024-07-21,B0B69SF1BT,0.61
2024-07-21,B0CY5QQ49F,-0.31
2024-07-21,B0BRCXXBG2,2.58
2024-07-21,B0BNKYZD2Z,3.23
2024-07-21,B0CY5LR4VX,-0.28
2024-07-21,B0BG2PD396,6.12
2024-07-21,B0BRCXQRC9,9.34
2024-07-21,B0BNL3RDG4,118.27
2024-07-21,B0BRCYJ33N,27.39
2024-07-21,B0BRCYK4JK,6.01
2024-07-21,B0BRCYQNSW,25.97
2024-07-21,B0BRCYV77T,36.01
2024-07-21,B0BRDCBGFD,11.7
2024-07-21,B0BRDCJWJC,4.07
2024-07-21,B0BSLVXHYJ,3.29
2024-07-21,B0BSLWJKSX,12.27
2024-07-21,B0C9JLKFPZ,9.06
2024-07-21,B0BDRTZTGX,1.0
2024-07-21,B0CQVLFPBQ,16.35
2024-07-21,B0CFV6V981,97.4
2024-07-21,B0CR4C98FS,147.54
2024-07-21,B0CR4C5WXS,0.69
2024-07-21,B0CR4BK4FW,2.42
2024-07-21,B0CR4BGLK5,8.67
2024-07-21,B0CY5KFQBD,5.49
2024-07-21,B0CR49NR3B,4.03
2024-07-21,B0CR49N6MQ,-0.33
2024-07-21,B0CR49BQRS,1.68
2024-07-21,B0CR4BG4ZW,7.22
2024-07-22,B09KDVXTP4,26.35
2024-07-22,B09KDLQ2GW,7.93
2024-07-22,B0B69SF1BT,2.8
2024-07-22,B09KDNYCYR,5.86
2024-07-22,B09KDPXYG3,2.9
2024-07-22,B09KDQ2BWY,2.54
2024-07-22,B09KDR64LT,0.65
2024-07-22,B09KDXJJ6W,3.55
2024-07-22,B09KDTHJ6V,2.32
2024-07-22,B09KDTS4DC,5.79
2024-07-22,B09KDW1YKQ,4.35
2024-07-22,B09KSYL73R,6.14
2024-07-22,B09MR2MLZH,4.1
2024-07-22,B09KDZQJ6P,0.12
2024-07-22,B09KSXP3HN,-0.21
2024-07-22,B09KT5HMNY,0.56
2024-07-22,B09KTF8ZDQ,4.82
2024-07-22,B09KTFXX6L,2.69
2024-07-22,B09KTJRHC7,3.39
2024-07-22,B09KTMKDKJ,0.77
2024-07-22,B09KTMLQ1N,1.57
2024-07-22,B09MR36MLJ,4.64
2024-07-22,B09KDYY3SB,3.69
2024-07-22,B09KDN7PYR,1.6
2024-07-22,B09MR4Z3H9,-0.7
2024-07-22,B09MR3RSW8,4.63
2024-07-22,B09MR2FY5D,7.0
2024-07-22,B09X1F1L26,11.5
2024-07-22,B09MR5WS3Y,39.53
2024-07-22,B09MR5Q6HJ,26.62
2024-07-22,B09MR56Q9N,9.19
2024-07-22,B09MR3Y296,122.83
2024-07-22,B09MR4Z3H8,11.66
2024-07-22,B09MR4G722,6.11
2024-07-22,B09MR4D874,-0.19
2024-07-22,B09MR4B13C,3.92
2024-07-22,B09X1HV1NL,12.31
2024-07-22,B09X1F8C23,27.48
2024-07-22,B0B69DD2C7,2.67
2024-07-22,B09X1JTK49,16.51
2024-07-22,B0B31R1ZBV,9.2
2024-07-22,B0B31SM3ZR,1.59
2024-07-22,B0B31SVP2Q,-0.24
2024-07-22,B0B31T1XMH,3.78
2024-07-22,B0B31V3PKG,5.36
2024-07-22,B0B31VFJ6Q,96.14
2024-07-22,B0B31Y1FDZ,2.45
2024-07-22,B0B699PLXD,147.52
2024-07-22,B0B69C4GST,4.1
2024-07-22,B09MR3XT5G,8.61
2024-07-22,B0B69G3YRM,5.93
2024-07-22,B0BRCXQRC9,2.54
2024-07-22,B0BDRQWBK9,0.71
2024-07-22,B0BRCXP7VN,2.8
2024-07-22,B0BG2PD396,0.12
2024-07-22,B0BG2T78CJ,1.0
2024-07-22,B0BG2Z8CY4,26.35
2024-07-22,B0BGDWGRQB,4.35
2024-07-22,B0BGDX2Z3L,5.79
2024-07-22,B0BGDXM13S,3.19
2024-07-22,B0BGDZLDX2,3.55
2024-07-22,B0BNKYPVM6,0.65
2024-07-22,B0BNKZ5BR1,2.9
2024-07-22,B0BNKZBJX2,5.86
2024-07-22,B0BGDXV7FD,2.32
2024-07-22,B0BNL13PNY,0.56
2024-07-22,B0BNL3RDG4,3.92
2024-07-22,B0BRCXJRX6,3.39
2024-07-22,B0BNL4S6MB,4.64
2024-07-22,B0BNL4S7GH,1.57
2024-07-22,B0BRCW2B64,0.77
2024-07-22,B0BRCW79VK,1.6
2024-07-22,B0BRCXCXCV,-0.7
2024-07-22,B0B69DK8JN,2.36
2024-07-22,B0BNKZKGFG,4.82
2024-07-22,B0BNKZCWFL,-0.21
2024-07-22,B0BRCXQMS5,123.52
2024-07-22,B0BRCXDHBX,5.94
2024-07-22,B0BRCXXBG2,0.64
2024-07-22,B0CY5QQ49F,39.53
2024-07-22,B0BRCYJ33N,26.62
2024-07-22,B0BRCYK4JK,4.63
2024-07-22,B0BRCYQNSW,27.72
2024-07-22,B0BRCYV77T,13.59
2024-07-22,B0BRDCBGFD,8.97
2024-07-22,B0BRDCJWJC,6.11
2024-07-22,B0BSLVXHYJ,-0.19
2024-07-22,B0BSLWJKSX,12.42
2024-07-22,B0C9JLKFPZ,2.67
2024-07-22,B0CFV6V981,9.2
2024-07-22,B0BRCY8QMH,5.93
2024-07-22,B0CR49BQRS,16.51
2024-07-22,B0CQVLFPBQ,1.59
2024-07-22,B0CY5LR4VX,26.35
2024-07-22,B0CY5KFQBD,96.22
2024-07-22,B0CR4C98FS,147.52
2024-07-22,B0CR4C5WXS,0.71
2024-07-22,B0BDRTZTGX,2.45
2024-07-22,B0CR4BGLK5,8.61
2024-07-22,B0CR4BG4ZW,5.36
2024-07-22,B0CR49NR3B,3.78
2024-07-22,B0CR49N6MQ,-0.24
2024-07-22,B0CR4BK4FW,4.1
2024-07-23,B09KDVXTP4,7.16
2024-07-23,B09KDN7PYR,1.0
2024-07-23,B09KDNYCYR,3.01
2024-07-23,B09KDPXYG3,5.77
2024-07-23,B09KDQ2BWY,2.36
2024-07-23,B09KDR64LT,3.54
2024-07-23,B09KDTHJ6V,0.62
2024-07-23,B09KDTS4DC,4.4
2024-07-23,B0B69DK8JN,2.91
2024-07-23,B09KSYL73R,6.52
2024-07-23,B09KDXJJ6W,2.8
2024-07-23,B09KDYY3SB,0.03
2024-07-23,B09KDZQJ6P,2.49
2024-07-23,B09KSXP3HN,8.62
2024-07-23,B09KTMLQ1N,1.59
2024-07-23,B09KTF8ZDQ,0.82
2024-07-23,B09KTFXX6L,2.38
2024-07-23,B09KTJRHC7,-0.7
2024-07-23,B09KTMKDKJ,4.86
2024-07-23,B09MR2FY5D,4.25
2024-07-23,B09KDW1YKQ,-0.24
2024-07-23,B09MR2MLZH,0.63
2024-07-23,B0B699PLXD,12.08
2024-07-23,B09MR3RSW8,2.52
2024-07-23,B09X1F8C23,9.29
2024-07-23,B09MR3XT5G,11.43
2024-07-23,B09MR3Y296,36.95
2024-07-23,B09MR4B13C,25.94
2024-07-23,B09MR4D874,4.7
2024-07-23,B09MR4Z3H8,27.68
2024-07-23,B09MR4Z3H9,123.85
2024-07-23,B09MR56Q9N,12.24
2024-07-23,B09MR5Q6HJ,5.99
2024-07-23,B09MR5WS3Y,4.62
2024-07-23,B09X1F1L26,-0.21
2024-07-23,B09X1HV1NL,5.26
2024-07-23,B09X1JTK49,3.35
2024-07-23,B0B31R1ZBV,2.4
2024-07-23,B0B31SVP2Q,8.24
2024-07-23,B0B31T1XMH,95.7
2024-07-23,B0B31V3PKG,147.6
2024-07-23,B0B31VFJ6Q,2.12
2024-07-23,B0B31VTH56,2.31
2024-07-23,B0B31Y1FDZ,5.22
2024-07-23,B09MR36MLJ,3.73
2024-07-23,B09KDLQ2GW,-0.26
2024-07-23,B0B69C4GST,1.6
2024-07-23,B09KT5HMNY,5.93
2024-07-23,B0B69SF1BT,2.49
2024-07-23,B0BNL4CB4X,0.03
2024-07-23,B0BRCXQMS5,4.58
2024-07-23,B0BGDWGRQB,5.42
2024-07-23,B0BGDX2Z3L,2.8
2024-07-23,B0BGDXV7FD,16.6
2024-07-23,B0BNKYPVM6,1.0
2024-07-23,B0BDRQWBK9,3.01
2024-07-23,B0BNKZBJX2,4.4
2024-07-23,B0BNKZKGFG,8.74
2024-07-23,B0BNL13PNY,2.36
2024-07-23,B0BNL2VK7L,3.54
2024-07-23,B0BNKZ9BJR,0.62
2024-07-23,B0BRCXP7VN,26.91
2024-07-23,B0BNL5BKMK,5.77
2024-07-23,B0BNL5HYLR,2.91
2024-07-23,B0BRCW2B64,-0.24
2024-07-23,B0BRCW79VK,0.51
2024-07-23,B0BRCXCXCV,4.86
2024-07-23,B0BRCXDHBX,1.68
2024-07-23,B0BRCXJRX6,0.63
2024-07-23,B0BNKZ5BR1,1.61
2024-07-23,B0BRCXQRC9,0.82
2024-07-23,B0CFV6V981,0.97
2024-07-23,B0BNL4HPH9,4.7
2024-07-23,B0CY5QQ49F,2.61
2024-07-23,B0BRCY8QMH,2.52
2024-07-23,B0BRCYJ33N,5.99
2024-07-23,B0BRCYJ4SR,-0.21
2024-07-23,B0BRCYK4JK,8.8
2024-07-23,B0BRCYQNSW,123.85
2024-07-23,B0BRCYV77T,4.8
2024-07-23,B0BRDCBGFD,25.94
2024-07-23,B0BRDCJWJC,36.95
2024-07-23,B0BSLTZV4Z,11.43
2024-07-23,B0BSLVXHYJ,7.16
2024-07-23,B0BRCXXBG2,3.38
2024-07-23,B0CR49BQRS,3.35
2024-07-23,B0CR49N6MQ,12.08
2024-07-23,B0CR49NR3B,27.73
2024-07-23,B0CR4BG4ZW,7.48
2024-07-23,B0CR4BGLK5,16.6
2024-07-23,B0CR4BK4FW,1.6
2024-07-23,B0CR4C5WXS,-0.26
2024-07-23,B0CR4C98FS,3.73
2024-07-23,B0CY5KFQBD,8.24
2024-07-23,B0CY5LR4VX,4.1
2024-07-23,B0C9JLKFPZ,2.31
2024-07-24,B09KDTHJ6V,0.66
2024-07-24,B09KDR64LT,147.54
2024-07-24,B09KDQ2BWY,95.89
2024-07-24,B09KDXJJ6W,5.4
2024-07-24,B09KDNYCYR,5.89
2024-07-24,B0BGDWGRQB,2.78
2024-07-24,B09KDLQ2GW,8.63
2024-07-24,B09KDPXYG3,5.36
2024-07-24,B09KDTS4DC,2.92
2024-07-24,B09KSYL73R,3.59
2024-07-24,B09KDYY3SB,4.74
2024-07-24,B09MR2MLZH,2.37
2024-07-24,B09KDZQJ6P,5.55
2024-07-24,B09KT5HMNY,4.24
2024-07-24,B09KTF8ZDQ,2.94
2024-07-24,B09KTFXX6L,26.94
2024-07-24,B09KTJRHC7,1.0
2024-07-24,B09KTMKDKJ,2.66
2024-07-24,B09MR3RSW8,0.02
2024-07-24,B09KTMLQ1N,7.34
2024-07-24,B09KDVXTP4,2.41
2024-07-24,B09KSXP3HN,2.41
2024-07-24,B09X1JTK49,0.78
2024-07-24,B0BDRS6R5Z,8.63
2024-07-24,B09MR2FY5D,10.73
2024-07-24,B09MR5WS3Y,3.37
2024-07-24,B09X1F1L26,3.96
2024-07-24,B09X1DHRLN,0.52
2024-07-24,B09MR4G722,1.57
2024-07-24,B09MR56Q9N,1.68
2024-07-24,B09MR4Z3H9,4.82
2024-07-24,B09MR4Z3H8,6.39
2024-07-24,B09X1HV1NL,3.0
2024-07-24,B09MR3Y296,36.38
2024-07-24,B09MR4B13C,26.19
2024-07-24,B0B31T1XMH,27.93
2024-07-24,B0B31R1ZBV,11.42
2024-07-24,B0B31SVP2Q,8.75
2024-07-24,B0B31VFJ6Q,7.25
2024-07-24,B0B31Y1FDZ,-0.23
2024-07-24,B0B69DK8JN,12.11
2024-07-24,B0B69GN5KJ,7.09
2024-07-24,B0BDRQWBK9,-0.7
2024-07-24,B09MR3XT5G,121.59
2024-07-24,B09X1F8C23,7.25
2024-07-24,B09KDN7PYR,5.89
2024-07-24,B0BGDX2Z3L,2.94
2024-07-24,B0BRCXCXCV,2.04
2024-07-24,B0BNL64PBG,3.82
2024-07-24,B0BGDXV7FD,5.4
2024-07-24,B0BRCY8QMH,8.18
2024-07-24,B0BGDZLDX2,26.88
2024-07-24,B0BNKYW36G,0.66
2024-07-24,B0BNKZ5BR1,95.89
2024-07-24,B0BNKZBJX2,1.59
2024-07-24,B0BNL117VT,2.33
2024-07-24,B0BNL4HPH9,4.12
2024-07-24,B0BRCYJ33N,147.54
2024-07-24,B0BNL5HYLR,1.0
2024-07-24,B0BRCW2B64,2.65
2024-07-24,B0BRCXJRX6,4.24
2024-07-24,B0BRCXQRC9,7.41
2024-07-24,B0BRCXQMS5,2.61
2024-07-24,B0BRCXP7VN,3.49
2024-07-24,B0BRCXXBG2,16.27
2024-07-24,B0BRCXDHBX,3.05
2024-07-24,B0BG2PD396,5.36
2024-07-24,B0BRCW79VK,2.78
2024-07-24,B0BNL11QD8,0.02
2024-07-24,B0CQVLFPBQ,0.61
2024-07-24,B0BNL13PNY,0.52
2024-07-24,B0BGDXM13S,3.37
2024-07-24,B0CR49N6MQ,4.55
2024-07-24,B0BRCYK4JK,1.57
2024-07-24,B0BRCYQNSW,0.78
2024-07-24,B0BRCYV77T,2.34
2024-07-24,B0BRDCBGFD,-0.7
2024-07-24,B0BRDCJWJC,2.41
2024-07-24,B0BSLTZV4Z,4.7
2024-07-24,B0C9JLKFPZ,3.96
2024-07-24,B0CFV6V981,-0.65
2024-07-24,B0CR49BQRS,0.61
2024-07-24,B0BSLVXHYJ,3.4
2024-07-24,B0BRCYJ4SR,12.11
2024-07-24,B0CY5QQ49F,-0.23
2024-07-24,B0CR49NR3B,8.75
2024-07-24,B0CY5KFQBD,121.59
2024-07-24,B0CR4C98FS,27.93
2024-07-24,B0CR4C5WXS,4.82
2024-07-24,B0CY5LR4VX,26.19
2024-07-24,B0CR4BGLK5,36.38
2024-07-24,B0CR4BG4ZW,13.88
2024-07-24,B0CR4BK4FW,7.09
2024-07-25,B09KDR64LT,2.47
2024-07-25,B09KDVXTP4,8.95
2024-07-25,B0BDRQWBK9,5.38
2024-07-25,B09KDLQ2GW,16.27
2024-07-25,B09KDN7PYR,1.61
2024-07-25,B09KDNYCYR,95.15
2024-07-25,B09KDPXYG3,147.3
2024-07-25,B09KDQ2BWY,0.68
2024-07-25,B09KDTHJ6V,2.33
2024-07-25,B09KTFXX6L,9.49
2024-07-25,B09KDW1YKQ,5.42
2024-07-25,B09KTMLQ1N,5.53
2024-07-25,B09KDXJJ6W,-0.32
2024-07-25,B09KDZQJ6P,27.62
2024-07-25,B09KSXP3HN,6.67
2024-07-25,B09KSYL73R,6.98
2024-07-25,B09KT5HMNY,1.0
2024-07-25,B09KTF8ZDQ,0.01
2024-07-25,B09MR2FY5D,2.8
2024-07-25,B09KDTS4DC,2.92
2024-07-25,B09KDYY3SB,2.79
2024-07-25,B09KTJRHC7,0.66
2024-07-25,B0B31Y1FDZ,3.46
2024-07-25,B09MR4Z3H9,2.39
2024-07-25,B09MR5WS3Y,5.65
2024-07-25,B09MR56Q9N,5.39
2024-07-25,B09MR3Y296,5.84
2024-07-25,B09MR4Z3H8,7.33
2024-07-25,B09MR4D874,-0.3
2024-07-25,B09MR4B13C,0.57
2024-07-25,B09X1F1L26,4.75
2024-07-25,B09MR3XT5G,2.42
2024-07-25,B09X1DHRLN,4.65
2024-07-25,B09X1JTK49,1.59
2024-07-25,B09X1F8C23,5.33
2024-07-25,B09X1FWK8Z,1.6
2024-07-25,B09X1HV1NL,3.57
2024-07-25,B0B31R1ZBV,-0.76
2024-07-25,B0B31SM3ZR,3.91
2024-07-25,B0B31T1XMH,27.74
2024-07-25,B0B31VFJ6Q,1.76
2024-07-25,B09MR2MLZH,5.95
2024-07-25,B09MR3RSW8,9.11
2024-07-25,B09KTMKDKJ,120.17
2024-07-25,B0B31VTH56,4.84
2024-07-25,B0BRCYK4JK,26.92
2024-07-25,B0BNL13PNY,35.96
2024-07-25,B0BRCXQMS5,13.69
2024-07-25,B0BGDWGRQB,7.36
2024-07-25,B0BGDX2Z3L,3.38
2024-07-25,B0BGDXM13S,3.35
2024-07-25,B0BGDXV7FD,11.86
2024-07-25,B0BNKYW36G,8.95
2024-07-25,B0BNKZ5BR1,2.47
2024-07-25,B0BNL11QD8,16.27
2024-07-25,B0BRCXQRC9,1.69
2024-07-25,B0BG2Z8CY4,3.8
2024-07-25,B0BNL64PBG,5.42
2024-07-25,B0BRCW2B64,94.91
2024-07-25,B0BRCW79VK,2.33
2024-07-25,B0BRCXCXCV,0.68
2024-07-25,B0BRCXDHBX,150.12
2024-07-25,B0BRCXJRX6,5.17
2024-07-25,B0BRCXP7VN,8.42
2024-07-25,B0BNL5BKMK,5.84
2024-07-25,B0B69DD2C7,2.79
2024-07-25,B0BNL4HPH9,1.61
2024-07-25,B0BG2PD396,2.8
2024-07-25,B0BNL117VT,5.38
2024-07-25,B0CY5QQ49F,2.92
2024-07-25,B0BDRS6R5Z,0.66
2024-07-25,B0BRCY8QMH,3.46
2024-07-25,B0BRCXXBG2,2.39
2024-07-25,B0BRCYJ33N,5.65
2024-07-25,B0BRCYQNSW,4.31
2024-07-25,B0BRCYV77T,7.35
2024-07-25,B0BRDCBGFD,26.6
2024-07-25,B0C9JLKFPZ,1.0
2024-07-25,B0CFV6V981,0.01
2024-07-25,B0CQVLFPBQ,3.38
2024-07-25,B0BRDCJWJC,0.69
2024-07-25,B0CR49N6MQ,1.74
2024-07-25,B0CY5LR4VX,0.57
2024-07-25,B0CR49BQRS,0.82
2024-07-25,B0CR4C98FS,2.42
2024-07-25,B0CR4C5WXS,-0.76
2024-07-25,B0CR4BK4FW,1.59
2024-07-25,B0CY5KFQBD,2.47
2024-07-25,B0CR4BG4ZW,4.75
2024-07-25,B0CR49NR3B,-0.27
2024-07-25,B0CR4BGLK5,26.15
2024-07-26,B09KDTS4DC,9.19
2024-07-26,B09KDXJJ6W,119.03
2024-07-26,B09KDLQ2GW,27.82
2024-07-26,B09KDNYCYR,4.94
2024-07-26,B09KDPXYG3,36.32
2024-07-26,B09KDQ2BWY,11.55
2024-07-26,B09KDR64LT,7.39
2024-07-26,B09KDTHJ6V,8.99
2024-07-26,B09KDVXTP4,11.91
2024-07-26,B09KTMKDKJ,1.6
2024-07-26,B0B69FBGN1,5.88
2024-07-26,B09MR2FY5D,4.66
2024-07-26,B09KDZQJ6P,2.88
2024-07-26,B09KSXP3HN,5.2
2024-07-26,B09KSYL73R,3.08
2024-07-26,B09KT5HMNY,-0.32
2024-07-26,B09KTF8ZDQ,3.91
2024-07-26,B09KTFXX6L,151.34
2024-07-26,B09KTJRHC7,8.55
2024-07-26,B09MR2MLZH,2.32
2024-07-26,B09KDW1YKQ,0.64
2024-07-26,B09KDYY3SB,5.85
2024-07-26,B09MR3Y296,5.46
2024-07-26,B09MR3RSW8,1.0
2024-07-26,B09KTMLQ1N,3.38
2024-07-26,B09X1F8C23,5.35
2024-07-26,B09MR4B13C,3.96
2024-07-26,B09MR4D874,2.92
2024-07-26,B09MR4G722,2.79
2024-07-26,B09MR4Z3H8,3.55
2024-07-26,B09MR4Z3H9,2.35
2024-07-26,B09MR56Q9N,7.48
2024-07-26,B09MR5WS3Y,4.32
2024-07-26,B09MR3XT5G,2.95
2024-07-26,B09X1DHRLN,97.41
2024-07-26,B0B31T1XMH,0.01
2024-07-26,B09X1HV1NL,27.84
2024-07-26,B09X1JTK49,16.32
2024-07-26,B0B31R1ZBV,5.38
2024-07-26,B0B31SM3ZR,0.66
2024-07-26,B0B31VFJ6Q,6.83
2024-07-26,B0B31VTH56,16.32
2024-07-26,B0B31Y1FDZ,-0.77
2024-07-26,B0B69C4GST,3.4
2024-07-26,B09X1F1L26,0.84
2024-07-26,B0B69DK8JN,1.6
2024-07-26,B0B699PLXD,4.66
2024-07-26,B0B69SF1BT,-0.29
2024-07-26,B0BRCXP7VN,1.61
2024-07-26,B0BG2PD396,0.77
2024-07-26,B0BG2T78CJ,26.34
2024-07-26,B0BGDWGRQB,11.91
2024-07-26,B0BGDX2Z3L,3.43
2024-07-26,B0BGDXM13S,11.55
2024-07-26,B0BGDXV7FD,36.32
2024-07-26,B0BNKYZD2Z,4.94
2024-07-26,B0BNKZ5BR1,7.39
2024-07-26,B0BNL11QD8,119.03
2024-07-26,B0BRCYJ33N,9.19
2024-07-26,B0BNL3J36Z,5.88
2024-07-26,B0BNL4CB4X,-0.27
2024-07-26,B0BNL5BKMK,3.96
2024-07-26,B0BRCW2B64,3.14
2024-07-26,B0BRCW79VK,27.82
2024-07-26,B0BRCXCXCV,2.74
2024-07-26,B0BRCXDHBX,6.67
2024-07-26,B0BRCXJRX6,1.62
2024-07-26,B0BNL424DV,-0.32
2024-07-26,B0BDRS6R5Z,3.91
2024-07-26,B0BRCXQMS5,7.97
2024-07-26,B0BNKZ88Z5,97.41
2024-07-26,B0BRCXXBG2,2.32
2024-07-26,B0CY5QQ49F,0.64
2024-07-26,B0CR49BQRS,8.99
2024-07-26,B0BRCY8QMH,4.24
2024-07-26,B0BRCYJ4SR,8.55
2024-07-26,B0BRCYK4JK,7.18
2024-07-26,B0BRCYQNSW,2.79
2024-07-26,B0BRDCBGFD,147.93
2024-07-26,B0BRDCJWJC,2.81
2024-07-26,B0C9JLKFPZ,2.96
2024-07-26,B0CFV6V981,26.87
2024-07-26,B0BRCYV77T,2.95
2024-07-26,B0BRCXQRC9,4.32
2024-07-26,B0CR49NR3B,5.61
2024-07-26,B0CR4BG4ZW,1.0
2024-07-26,B0CR4BGLK5,4.3
2024-07-26,B0CR4BK4FW,0.73
2024-07-26,B0CR4C5WXS,2.92
2024-07-26,B0CR4C98FS,5.38
2024-07-26,B0CY5KFQBD,4.66
2024-07-26,B0CY5LR4VX,1.6
2024-07-26,B0CR49N6MQ,0.84
2024-07-26,B0BDRQWBK9,1.61
2024-07-27,B09KTMLQ1N,-0.77
2024-07-27,B09KTMKDKJ,2.38
2024-07-27,B09KTJRHC7,4.85
2024-07-27,B09KTFXX6L,0.64
2024-07-27,B09KDPXYG3,-0.28
2024-07-27,B09KSXP3HN,0.81
2024-07-27,B09KDZQJ6P,3.96
2024-07-27,B09KDYY3SB,3.38
2024-07-27,B09MR2FY5D,-0.25
2024-07-27,B09KSYL73R,5.93
2024-07-27,B09KDLQ2GW,9.46
2024-07-27,B0BNKYZD2Z,119.49
2024-07-27,B09MR4Z3H8,27.58
2024-07-27,B09MR56Q9N,4.97
2024-07-27,B09X1F1L26,26.36
2024-07-27,B09X1F8C23,36.53
2024-07-27,B09X1HV1NL,11.58
2024-07-27,B0B31VFJ6Q,7.39
2024-07-27,B0BG2PD396,3.41
2024-07-27,B0BGDX2Z3L,12.19
2024-07-27,B0BGDXV7FD,9.05
2024-07-27,B09MR3XT5G,2.49
2024-07-27,B09MR4B13C,16.41
2024-07-27,B0BNKZ88Z5,147.33
2024-07-27,B0BNL3J36Z,0.63
2024-07-27,B0BNL5BKMK,2.32
2024-07-27,B0BRCW2B64,8.85
2024-07-27,B0BRCYK4JK,5.46
2024-07-27,B0BRCYJ33N,3.94
2024-07-27,B0BRCXQRC9,-0.3
2024-07-27,B0BRCW79VK,1.63
2024-07-27,B0BRCXJRX6,4.36
2024-07-27,B0BRCXDHBX,5.87
2024-07-27,B0BRCXCXCV,27.0
2024-07-27,B0BRCYV77T,97.73
2024-07-27,B0BRCXQMS5,2.86
2024-07-27,B0C9JLKFPZ,5.2
2024-07-27,B0BRCYQNSW,2.93
2024-07-27,B0CR49BQRS,2.85
2024-07-27,B0CR49N6MQ,0.71
2024-07-27,B0CR49NR3B,3.63
2024-07-27,B0CR4BG4ZW,2.35
2024-07-27,B0CR4BGLK5,5.76
2024-07-27,B0CR4BK4FW,4.39
2024-07-27,B0CR4C5WXS,2.77
2024-07-27,B0CR4C98FS,1.0
2024-07-27,B0CY5KFQBD,0.05
2024-07-27,B0CY5QQ49F,3.41
2024-07-27,B0CFV6V981,0.81
2024-07-27,B0CY5LR4VX,-0.28
2024-07-28,B0BNL3J36Z,0.64
2024-07-28,B09MR2FY5D,1.62
2024-07-28,B09KTMLQ1N,-0.76
2024-07-28,B09KDYY3SB,1.6
2024-07-28,B09KTFXX6L,0.96
2024-07-28,B09KSYL73R,2.4
2024-07-28,B09KSXP3HN,4.8
2024-07-28,B09KDZQJ6P,-0.24
2024-07-28,B09KTJRHC7,9.05
2024-07-28,B09MR3XT5G,7.36
2024-07-28,B0B31VFJ6Q,11.76
2024-07-28,B09X1F1L26,35.55
2024-07-28,B09X1F8C23,25.51
2024-07-28,B09X1HV1NL,26.79
2024-07-28,B0B31Y1FDZ,118.62
2024-07-28,B0BG2PD396,9.37
2024-07-28,B0BGDX2Z3L,5.97
2024-07-28,B0BGDXV7FD,4.99
2024-07-28,B0BNKYZD2Z,4.75
2024-07-28,B09MR4B13C,12.21
2024-07-28,B09KDPXYG3,3.32
2024-07-28,B09MR56Q9N,2.55
2024-07-28,B09KDLQ2GW,4.41
2024-07-28,B0CR49N6MQ,4.0
2024-07-28,B09MR4Z3H8,1.72
2024-07-28,B0BRCYV77T,-0.28
2024-07-28,B0BRCYK4JK,3.99
2024-07-28,B0BRCYJ33N,146.78
2024-07-28,B0BRCW79VK,8.77
2024-07-28,B0BRCXQMS5,2.37
2024-07-28,B0BRCXJRX6,5.86
2024-07-28,B0BRCXDHBX,5.5
2024-07-28,B0BRCXCXCV,1.0
2024-07-28,B0BRCXQRC9,0.71
2024-07-28,B0C9JLKFPZ,2.97
2024-07-28,B0BNKZ88Z5,0.67
2024-07-28,B0CR4BG4ZW,2.91
2024-07-28,B0CR49NR3B,5.21
2024-07-28,B0CR4BGLK5,27.29
2024-07-28,B0CR4BK4FW,0.1
2024-07-28,B0CR4C5WXS,98.76
2024-07-28,B0CR4C98FS,2.86
2024-07-28,B0CY5KFQBD,16.62
2024-07-28,B0CY5LR4VX,5.74
2024-07-28,B0BRCW2B64,2.37
2024-07-28,B0CFV6V981,3.65
2024-07-28,B0BNL5BKMK,2.94
2024-07-28,B0CR49BQRS,4.4
2024-07-28,B0CY5QQ49F,0.88
